Accession	Title	Platform	Total bases	Create date	SRA URL	SRA filename	SRA nice filename	FastQ URL	FastQ Aspera URL	FastQ filename	FastQ nice filename
SRR24222868	WGS of Ischnura elegans: female	Illumina NovaSeq 6000	354765	1690754400000	ftp://ftp-trace.ncbi.nlm.nih.gov/sra/sra-instant/reads/ByRun/sra/SRR/SRR242/SRR24222868/SRR24222868.sra	SRR24222868.sra	SRR24222868_WGS_of_Ischnura_elegans_female.sra	ftp://ftp.sra.ebi.ac.uk/vol1/fastq/SRR242/068/SRR24222868/SRR24222868_1.fastq.gz	era-fasp@fasp.sra.ebi.ac.uk:vol1/fastq/SRR242/068/SRR24222868/SRR24222868_1.fastq.gz	SRR24222868_1.fastq.gz	SRR24222868_WGS_of_Ischnura_elegans_female_1.fastq.gz
SRR24222868	WGS of Ischnura elegans: female	Illumina NovaSeq 6000	354765	1690754400000	ftp://ftp-trace.ncbi.nlm.nih.gov/sra/sra-instant/reads/ByRun/sra/SRR/SRR242/SRR24222868/SRR24222868.sra	SRR24222868.sra	SRR24222868_WGS_of_Ischnura_elegans_female.sra	ftp://ftp.sra.ebi.ac.uk/vol1/fastq/SRR242/068/SRR24222868/SRR24222868_2.fastq.gz	era-fasp@fasp.sra.ebi.ac.uk:vol1/fastq/SRR242/068/SRR24222868/SRR24222868_2.fastq.gz	SRR24222868_2.fastq.gz	SRR24222868_WGS_of_Ischnura_elegans_female_2.fastq.gz
SRR24222862	WGS of Ischnura elegans: female	Illumina NovaSeq 6000	274403	1690754400000	ftp://ftp-trace.ncbi.nlm.nih.gov/sra/sra-instant/reads/ByRun/sra/SRR/SRR242/SRR24222862/SRR24222862.sra	SRR24222862.sra	SRR24222862_WGS_of_Ischnura_elegans_female.sra	ftp://ftp.sra.ebi.ac.uk/vol1/fastq/SRR242/062/SRR24222862/SRR24222862_1.fastq.gz	era-fasp@fasp.sra.ebi.ac.uk:vol1/fastq/SRR242/062/SRR24222862/SRR24222862_1.fastq.gz	SRR24222862_1.fastq.gz	SRR24222862_WGS_of_Ischnura_elegans_female_1.fastq.gz
SRR24222862	WGS of Ischnura elegans: female	Illumina NovaSeq 6000	274403	1690754400000	ftp://ftp-trace.ncbi.nlm.nih.gov/sra/sra-instant/reads/ByRun/sra/SRR/SRR242/SRR24222862/SRR24222862.sra	SRR24222862.sra	SRR24222862_WGS_of_Ischnura_elegans_female.sra	ftp://ftp.sra.ebi.ac.uk/vol1/fastq/SRR242/062/SRR24222862/SRR24222862_2.fastq.gz	era-fasp@fasp.sra.ebi.ac.uk:vol1/fastq/SRR242/062/SRR24222862/SRR24222862_2.fastq.gz	SRR24222862_2.fastq.gz	SRR24222862_WGS_of_Ischnura_elegans_female_2.fastq.gz
SRR24222864	WGS of Ischnura elegans: female	Illumina NovaSeq 6000	305265	1690754400000	ftp://ftp-trace.ncbi.nlm.nih.gov/sra/sra-instant/reads/ByRun/sra/SRR/SRR242/SRR24222864/SRR24222864.sra	SRR24222864.sra	SRR24222864_WGS_of_Ischnura_elegans_female.sra	ftp://ftp.sra.ebi.ac.uk/vol1/fastq/SRR242/064/SRR24222864/SRR24222864_1.fastq.gz	era-fasp@fasp.sra.ebi.ac.uk:vol1/fastq/SRR242/064/SRR24222864/SRR24222864_1.fastq.gz	SRR24222864_1.fastq.gz	SRR24222864_WGS_of_Ischnura_elegans_female_1.fastq.gz
SRR24222864	WGS of Ischnura elegans: female	Illumina NovaSeq 6000	305265	1690754400000	ftp://ftp-trace.ncbi.nlm.nih.gov/sra/sra-instant/reads/ByRun/sra/SRR/SRR242/SRR24222864/SRR24222864.sra	SRR24222864.sra	SRR24222864_WGS_of_Ischnura_elegans_female.sra	ftp://ftp.sra.ebi.ac.uk/vol1/fastq/SRR242/064/SRR24222864/SRR24222864_2.fastq.gz	era-fasp@fasp.sra.ebi.ac.uk:vol1/fastq/SRR242/064/SRR24222864/SRR24222864_2.fastq.gz	SRR24222864_2.fastq.gz	SRR24222864_WGS_of_Ischnura_elegans_female_2.fastq.gz
SRR24222867	WGS of Ischnura elegans: female	Illumina NovaSeq 6000	224975	1690754400000	ftp://ftp-trace.ncbi.nlm.nih.gov/sra/sra-instant/reads/ByRun/sra/SRR/SRR242/SRR24222867/SRR24222867.sra	SRR24222867.sra	SRR24222867_WGS_of_Ischnura_elegans_female.sra	ftp://ftp.sra.ebi.ac.uk/vol1/fastq/SRR242/067/SRR24222867/SRR24222867_1.fastq.gz	era-fasp@fasp.sra.ebi.ac.uk:vol1/fastq/SRR242/067/SRR24222867/SRR24222867_1.fastq.gz	SRR24222867_1.fastq.gz	SRR24222867_WGS_of_Ischnura_elegans_female_1.fastq.gz
SRR24222867	WGS of Ischnura elegans: female	Illumina NovaSeq 6000	224975	1690754400000	ftp://ftp-trace.ncbi.nlm.nih.gov/sra/sra-instant/reads/ByRun/sra/SRR/SRR242/SRR24222867/SRR24222867.sra	SRR24222867.sra	SRR24222867_WGS_of_Ischnura_elegans_female.sra	ftp://ftp.sra.ebi.ac.uk/vol1/fastq/SRR242/067/SRR24222867/SRR24222867_2.fastq.gz	era-fasp@fasp.sra.ebi.ac.uk:vol1/fastq/SRR242/067/SRR24222867/SRR24222867_2.fastq.gz	SRR24222867_2.fastq.gz	SRR24222867_WGS_of_Ischnura_elegans_female_2.fastq.gz
SRR24222865	WGS of Ischnura elegans: female	Illumina NovaSeq 6000	264787	1690754400000	ftp://ftp-trace.ncbi.nlm.nih.gov/sra/sra-instant/reads/ByRun/sra/SRR/SRR242/SRR24222865/SRR24222865.sra	SRR24222865.sra	SRR24222865_WGS_of_Ischnura_elegans_female.sra	ftp://ftp.sra.ebi.ac.uk/vol1/fastq/SRR242/065/SRR24222865/SRR24222865_1.fastq.gz	era-fasp@fasp.sra.ebi.ac.uk:vol1/fastq/SRR242/065/SRR24222865/SRR24222865_1.fastq.gz	SRR24222865_1.fastq.gz	SRR24222865_WGS_of_Ischnura_elegans_female_1.fastq.gz
SRR24222865	WGS of Ischnura elegans: female	Illumina NovaSeq 6000	264787	1690754400000	ftp://ftp-trace.ncbi.nlm.nih.gov/sra/sra-instant/reads/ByRun/sra/SRR/SRR242/SRR24222865/SRR24222865.sra	SRR24222865.sra	SRR24222865_WGS_of_Ischnura_elegans_female.sra	ftp://ftp.sra.ebi.ac.uk/vol1/fastq/SRR242/065/SRR24222865/SRR24222865_2.fastq.gz	era-fasp@fasp.sra.ebi.ac.uk:vol1/fastq/SRR242/065/SRR24222865/SRR24222865_2.fastq.gz	SRR24222865_2.fastq.gz	SRR24222865_WGS_of_Ischnura_elegans_female_2.fastq.gz
SRR24222861	WGS of Ischnura elegans: female	Illumina NovaSeq 6000	267150	1690754400000	ftp://ftp-trace.ncbi.nlm.nih.gov/sra/sra-instant/reads/ByRun/sra/SRR/SRR242/SRR24222861/SRR24222861.sra	SRR24222861.sra	SRR24222861_WGS_of_Ischnura_elegans_female.sra	ftp://ftp.sra.ebi.ac.uk/vol1/fastq/SRR242/061/SRR24222861/SRR24222861_1.fastq.gz	era-fasp@fasp.sra.ebi.ac.uk:vol1/fastq/SRR242/061/SRR24222861/SRR24222861_1.fastq.gz	SRR24222861_1.fastq.gz	SRR24222861_WGS_of_Ischnura_elegans_female_1.fastq.gz
SRR24222861	WGS of Ischnura elegans: female	Illumina NovaSeq 6000	267150	1690754400000	ftp://ftp-trace.ncbi.nlm.nih.gov/sra/sra-instant/reads/ByRun/sra/SRR/SRR242/SRR24222861/SRR24222861.sra	SRR24222861.sra	SRR24222861_WGS_of_Ischnura_elegans_female.sra	ftp://ftp.sra.ebi.ac.uk/vol1/fastq/SRR242/061/SRR24222861/SRR24222861_2.fastq.gz	era-fasp@fasp.sra.ebi.ac.uk:vol1/fastq/SRR242/061/SRR24222861/SRR24222861_2.fastq.gz	SRR24222861_2.fastq.gz	SRR24222861_WGS_of_Ischnura_elegans_female_2.fastq.gz
SRR24222866	WGS of Ischnura elegans: female	Illumina NovaSeq 6000	292330	1690754400000	ftp://ftp-trace.ncbi.nlm.nih.gov/sra/sra-instant/reads/ByRun/sra/SRR/SRR242/SRR24222866/SRR24222866.sra	SRR24222866.sra	SRR24222866_WGS_of_Ischnura_elegans_female.sra	ftp://ftp.sra.ebi.ac.uk/vol1/fastq/SRR242/066/SRR24222866/SRR24222866_1.fastq.gz	era-fasp@fasp.sra.ebi.ac.uk:vol1/fastq/SRR242/066/SRR24222866/SRR24222866_1.fastq.gz	SRR24222866_1.fastq.gz	SRR24222866_WGS_of_Ischnura_elegans_female_1.fastq.gz
SRR24222866	WGS of Ischnura elegans: female	Illumina NovaSeq 6000	292330	1690754400000	ftp://ftp-trace.ncbi.nlm.nih.gov/sra/sra-instant/reads/ByRun/sra/SRR/SRR242/SRR24222866/SRR24222866.sra	SRR24222866.sra	SRR24222866_WGS_of_Ischnura_elegans_female.sra	ftp://ftp.sra.ebi.ac.uk/vol1/fastq/SRR242/066/SRR24222866/SRR24222866_2.fastq.gz	era-fasp@fasp.sra.ebi.ac.uk:vol1/fastq/SRR242/066/SRR24222866/SRR24222866_2.fastq.gz	SRR24222866_2.fastq.gz	SRR24222866_WGS_of_Ischnura_elegans_female_2.fastq.gz
SRR24222863	WGS of Ischnura elegans: female	Illumina NovaSeq 6000	214114	1690754400000	ftp://ftp-trace.ncbi.nlm.nih.gov/sra/sra-instant/reads/ByRun/sra/SRR/SRR242/SRR24222863/SRR24222863.sra	SRR24222863.sra	SRR24222863_WGS_of_Ischnura_elegans_female.sra	ftp://ftp.sra.ebi.ac.uk/vol1/fastq/SRR242/063/SRR24222863/SRR24222863_1.fastq.gz	era-fasp@fasp.sra.ebi.ac.uk:vol1/fastq/SRR242/063/SRR24222863/SRR24222863_1.fastq.gz	SRR24222863_1.fastq.gz	SRR24222863_WGS_of_Ischnura_elegans_female_1.fastq.gz
SRR24222863	WGS of Ischnura elegans: female	Illumina NovaSeq 6000	214114	1690754400000	ftp://ftp-trace.ncbi.nlm.nih.gov/sra/sra-instant/reads/ByRun/sra/SRR/SRR242/SRR24222863/SRR24222863.sra	SRR24222863.sra	SRR24222863_WGS_of_Ischnura_elegans_female.sra	ftp://ftp.sra.ebi.ac.uk/vol1/fastq/SRR242/063/SRR24222863/SRR24222863_2.fastq.gz	era-fasp@fasp.sra.ebi.ac.uk:vol1/fastq/SRR242/063/SRR24222863/SRR24222863_2.fastq.gz	SRR24222863_2.fastq.gz	SRR24222863_WGS_of_Ischnura_elegans_female_2.fastq.gz
SRR24222858	WGS of Ischnura elegans: female	Illumina NovaSeq 6000	363076	1690754400000	ftp://ftp-trace.ncbi.nlm.nih.gov/sra/sra-instant/reads/ByRun/sra/SRR/SRR242/SRR24222858/SRR24222858.sra	SRR24222858.sra	SRR24222858_WGS_of_Ischnura_elegans_female.sra	ftp://ftp.sra.ebi.ac.uk/vol1/fastq/SRR242/058/SRR24222858/SRR24222858_1.fastq.gz	era-fasp@fasp.sra.ebi.ac.uk:vol1/fastq/SRR242/058/SRR24222858/SRR24222858_1.fastq.gz	SRR24222858_1.fastq.gz	SRR24222858_WGS_of_Ischnura_elegans_female_1.fastq.gz
SRR24222858	WGS of Ischnura elegans: female	Illumina NovaSeq 6000	363076	1690754400000	ftp://ftp-trace.ncbi.nlm.nih.gov/sra/sra-instant/reads/ByRun/sra/SRR/SRR242/SRR24222858/SRR24222858.sra	SRR24222858.sra	SRR24222858_WGS_of_Ischnura_elegans_female.sra	ftp://ftp.sra.ebi.ac.uk/vol1/fastq/SRR242/058/SRR24222858/SRR24222858_2.fastq.gz	era-fasp@fasp.sra.ebi.ac.uk:vol1/fastq/SRR242/058/SRR24222858/SRR24222858_2.fastq.gz	SRR24222858_2.fastq.gz	SRR24222858_WGS_of_Ischnura_elegans_female_2.fastq.gz
SRR24222859	WGS of Ischnura elegans: female	Illumina NovaSeq 6000	269132	1690754400000	ftp://ftp-trace.ncbi.nlm.nih.gov/sra/sra-instant/reads/ByRun/sra/SRR/SRR242/SRR24222859/SRR24222859.sra	SRR24222859.sra	SRR24222859_WGS_of_Ischnura_elegans_female.sra	ftp://ftp.sra.ebi.ac.uk/vol1/fastq/SRR242/059/SRR24222859/SRR24222859_1.fastq.gz	era-fasp@fasp.sra.ebi.ac.uk:vol1/fastq/SRR242/059/SRR24222859/SRR24222859_1.fastq.gz	SRR24222859_1.fastq.gz	SRR24222859_WGS_of_Ischnura_elegans_female_1.fastq.gz
SRR24222859	WGS of Ischnura elegans: female	Illumina NovaSeq 6000	269132	1690754400000	ftp://ftp-trace.ncbi.nlm.nih.gov/sra/sra-instant/reads/ByRun/sra/SRR/SRR242/SRR24222859/SRR24222859.sra	SRR24222859.sra	SRR24222859_WGS_of_Ischnura_elegans_female.sra	ftp://ftp.sra.ebi.ac.uk/vol1/fastq/SRR242/059/SRR24222859/SRR24222859_2.fastq.gz	era-fasp@fasp.sra.ebi.ac.uk:vol1/fastq/SRR242/059/SRR24222859/SRR24222859_2.fastq.gz	SRR24222859_2.fastq.gz	SRR24222859_WGS_of_Ischnura_elegans_female_2.fastq.gz
SRR24222860	WGS of Ischnura elegans: female	Illumina NovaSeq 6000	443611	1690754400000	ftp://ftp-trace.ncbi.nlm.nih.gov/sra/sra-instant/reads/ByRun/sra/SRR/SRR242/SRR24222860/SRR24222860.sra	SRR24222860.sra	SRR24222860_WGS_of_Ischnura_elegans_female.sra	ftp://ftp.sra.ebi.ac.uk/vol1/fastq/SRR242/060/SRR24222860/SRR24222860_1.fastq.gz	era-fasp@fasp.sra.ebi.ac.uk:vol1/fastq/SRR242/060/SRR24222860/SRR24222860_1.fastq.gz	SRR24222860_1.fastq.gz	SRR24222860_WGS_of_Ischnura_elegans_female_1.fastq.gz
SRR24222860	WGS of Ischnura elegans: female	Illumina NovaSeq 6000	443611	1690754400000	ftp://ftp-trace.ncbi.nlm.nih.gov/sra/sra-instant/reads/ByRun/sra/SRR/SRR242/SRR24222860/SRR24222860.sra	SRR24222860.sra	SRR24222860_WGS_of_Ischnura_elegans_female.sra	ftp://ftp.sra.ebi.ac.uk/vol1/fastq/SRR242/060/SRR24222860/SRR24222860_2.fastq.gz	era-fasp@fasp.sra.ebi.ac.uk:vol1/fastq/SRR242/060/SRR24222860/SRR24222860_2.fastq.gz	SRR24222860_2.fastq.gz	SRR24222860_WGS_of_Ischnura_elegans_female_2.fastq.gz
SRR24222855	WGS of Ischnura elegans: female	Illumina NovaSeq 6000	270580	1690754400000	ftp://ftp-trace.ncbi.nlm.nih.gov/sra/sra-instant/reads/ByRun/sra/SRR/SRR242/SRR24222855/SRR24222855.sra	SRR24222855.sra	SRR24222855_WGS_of_Ischnura_elegans_female.sra	ftp://ftp.sra.ebi.ac.uk/vol1/fastq/SRR242/055/SRR24222855/SRR24222855_1.fastq.gz	era-fasp@fasp.sra.ebi.ac.uk:vol1/fastq/SRR242/055/SRR24222855/SRR24222855_1.fastq.gz	SRR24222855_1.fastq.gz	SRR24222855_WGS_of_Ischnura_elegans_female_1.fastq.gz
SRR24222855	WGS of Ischnura elegans: female	Illumina NovaSeq 6000	270580	1690754400000	ftp://ftp-trace.ncbi.nlm.nih.gov/sra/sra-instant/reads/ByRun/sra/SRR/SRR242/SRR24222855/SRR24222855.sra	SRR24222855.sra	SRR24222855_WGS_of_Ischnura_elegans_female.sra	ftp://ftp.sra.ebi.ac.uk/vol1/fastq/SRR242/055/SRR24222855/SRR24222855_2.fastq.gz	era-fasp@fasp.sra.ebi.ac.uk:vol1/fastq/SRR242/055/SRR24222855/SRR24222855_2.fastq.gz	SRR24222855_2.fastq.gz	SRR24222855_WGS_of_Ischnura_elegans_female_2.fastq.gz
SRR24222856	WGS of Ischnura elegans: female	Illumina NovaSeq 6000	286679	1690754400000	ftp://ftp-trace.ncbi.nlm.nih.gov/sra/sra-instant/reads/ByRun/sra/SRR/SRR242/SRR24222856/SRR24222856.sra	SRR24222856.sra	SRR24222856_WGS_of_Ischnura_elegans_female.sra	ftp://ftp.sra.ebi.ac.uk/vol1/fastq/SRR242/056/SRR24222856/SRR24222856_1.fastq.gz	era-fasp@fasp.sra.ebi.ac.uk:vol1/fastq/SRR242/056/SRR24222856/SRR24222856_1.fastq.gz	SRR24222856_1.fastq.gz	SRR24222856_WGS_of_Ischnura_elegans_female_1.fastq.gz
SRR24222856	WGS of Ischnura elegans: female	Illumina NovaSeq 6000	286679	1690754400000	ftp://ftp-trace.ncbi.nlm.nih.gov/sra/sra-instant/reads/ByRun/sra/SRR/SRR242/SRR24222856/SRR24222856.sra	SRR24222856.sra	SRR24222856_WGS_of_Ischnura_elegans_female.sra	ftp://ftp.sra.ebi.ac.uk/vol1/fastq/SRR242/056/SRR24222856/SRR24222856_2.fastq.gz	era-fasp@fasp.sra.ebi.ac.uk:vol1/fastq/SRR242/056/SRR24222856/SRR24222856_2.fastq.gz	SRR24222856_2.fastq.gz	SRR24222856_WGS_of_Ischnura_elegans_female_2.fastq.gz
SRR24222857	WGS of Ischnura elegans: female	Illumina NovaSeq 6000	485307	1690754400000	ftp://ftp-trace.ncbi.nlm.nih.gov/sra/sra-instant/reads/ByRun/sra/SRR/SRR242/SRR24222857/SRR24222857.sra	SRR24222857.sra	SRR24222857_WGS_of_Ischnura_elegans_female.sra	ftp://ftp.sra.ebi.ac.uk/vol1/fastq/SRR242/057/SRR24222857/SRR24222857_1.fastq.gz	era-fasp@fasp.sra.ebi.ac.uk:vol1/fastq/SRR242/057/SRR24222857/SRR24222857_1.fastq.gz	SRR24222857_1.fastq.gz	SRR24222857_WGS_of_Ischnura_elegans_female_1.fastq.gz
SRR24222857	WGS of Ischnura elegans: female	Illumina NovaSeq 6000	485307	1690754400000	ftp://ftp-trace.ncbi.nlm.nih.gov/sra/sra-instant/reads/ByRun/sra/SRR/SRR242/SRR24222857/SRR24222857.sra	SRR24222857.sra	SRR24222857_WGS_of_Ischnura_elegans_female.sra	ftp://ftp.sra.ebi.ac.uk/vol1/fastq/SRR242/057/SRR24222857/SRR24222857_2.fastq.gz	era-fasp@fasp.sra.ebi.ac.uk:vol1/fastq/SRR242/057/SRR24222857/SRR24222857_2.fastq.gz	SRR24222857_2.fastq.gz	SRR24222857_WGS_of_Ischnura_elegans_female_2.fastq.gz
SRR24222854	WGS of Ischnura elegans: female	Illumina NovaSeq 6000	792293	1690754400000	ftp://ftp-trace.ncbi.nlm.nih.gov/sra/sra-instant/reads/ByRun/sra/SRR/SRR242/SRR24222854/SRR24222854.sra	SRR24222854.sra	SRR24222854_WGS_of_Ischnura_elegans_female.sra	ftp://ftp.sra.ebi.ac.uk/vol1/fastq/SRR242/054/SRR24222854/SRR24222854_1.fastq.gz	era-fasp@fasp.sra.ebi.ac.uk:vol1/fastq/SRR242/054/SRR24222854/SRR24222854_1.fastq.gz	SRR24222854_1.fastq.gz	SRR24222854_WGS_of_Ischnura_elegans_female_1.fastq.gz
SRR24222854	WGS of Ischnura elegans: female	Illumina NovaSeq 6000	792293	1690754400000	ftp://ftp-trace.ncbi.nlm.nih.gov/sra/sra-instant/reads/ByRun/sra/SRR/SRR242/SRR24222854/SRR24222854.sra	SRR24222854.sra	SRR24222854_WGS_of_Ischnura_elegans_female.sra	ftp://ftp.sra.ebi.ac.uk/vol1/fastq/SRR242/054/SRR24222854/SRR24222854_2.fastq.gz	era-fasp@fasp.sra.ebi.ac.uk:vol1/fastq/SRR242/054/SRR24222854/SRR24222854_2.fastq.gz	SRR24222854_2.fastq.gz	SRR24222854_WGS_of_Ischnura_elegans_female_2.fastq.gz
SRR24222853	WGS of Ischnura elegans: female	Illumina NovaSeq 6000	271154	1690754400000	ftp://ftp-trace.ncbi.nlm.nih.gov/sra/sra-instant/reads/ByRun/sra/SRR/SRR242/SRR24222853/SRR24222853.sra	SRR24222853.sra	SRR24222853_WGS_of_Ischnura_elegans_female.sra	ftp://ftp.sra.ebi.ac.uk/vol1/fastq/SRR242/053/SRR24222853/SRR24222853_1.fastq.gz	era-fasp@fasp.sra.ebi.ac.uk:vol1/fastq/SRR242/053/SRR24222853/SRR24222853_1.fastq.gz	SRR24222853_1.fastq.gz	SRR24222853_WGS_of_Ischnura_elegans_female_1.fastq.gz
SRR24222853	WGS of Ischnura elegans: female	Illumina NovaSeq 6000	271154	1690754400000	ftp://ftp-trace.ncbi.nlm.nih.gov/sra/sra-instant/reads/ByRun/sra/SRR/SRR242/SRR24222853/SRR24222853.sra	SRR24222853.sra	SRR24222853_WGS_of_Ischnura_elegans_female.sra	ftp://ftp.sra.ebi.ac.uk/vol1/fastq/SRR242/053/SRR24222853/SRR24222853_2.fastq.gz	era-fasp@fasp.sra.ebi.ac.uk:vol1/fastq/SRR242/053/SRR24222853/SRR24222853_2.fastq.gz	SRR24222853_2.fastq.gz	SRR24222853_WGS_of_Ischnura_elegans_female_2.fastq.gz
SRR24222852	WGS of Ischnura elegans: female	Illumina NovaSeq 6000	292869	1690754400000	ftp://ftp-trace.ncbi.nlm.nih.gov/sra/sra-instant/reads/ByRun/sra/SRR/SRR242/SRR24222852/SRR24222852.sra	SRR24222852.sra	SRR24222852_WGS_of_Ischnura_elegans_female.sra	ftp://ftp.sra.ebi.ac.uk/vol1/fastq/SRR242/052/SRR24222852/SRR24222852_1.fastq.gz	era-fasp@fasp.sra.ebi.ac.uk:vol1/fastq/SRR242/052/SRR24222852/SRR24222852_1.fastq.gz	SRR24222852_1.fastq.gz	SRR24222852_WGS_of_Ischnura_elegans_female_1.fastq.gz
SRR24222852	WGS of Ischnura elegans: female	Illumina NovaSeq 6000	292869	1690754400000	ftp://ftp-trace.ncbi.nlm.nih.gov/sra/sra-instant/reads/ByRun/sra/SRR/SRR242/SRR24222852/SRR24222852.sra	SRR24222852.sra	SRR24222852_WGS_of_Ischnura_elegans_female.sra	ftp://ftp.sra.ebi.ac.uk/vol1/fastq/SRR242/052/SRR24222852/SRR24222852_2.fastq.gz	era-fasp@fasp.sra.ebi.ac.uk:vol1/fastq/SRR242/052/SRR24222852/SRR24222852_2.fastq.gz	SRR24222852_2.fastq.gz	SRR24222852_WGS_of_Ischnura_elegans_female_2.fastq.gz
SRR24222851	WGS of Ischnura elegans: female	Illumina NovaSeq 6000	258962	1690754400000	ftp://ftp-trace.ncbi.nlm.nih.gov/sra/sra-instant/reads/ByRun/sra/SRR/SRR242/SRR24222851/SRR24222851.sra	SRR24222851.sra	SRR24222851_WGS_of_Ischnura_elegans_female.sra	ftp://ftp.sra.ebi.ac.uk/vol1/fastq/SRR242/051/SRR24222851/SRR24222851_1.fastq.gz	era-fasp@fasp.sra.ebi.ac.uk:vol1/fastq/SRR242/051/SRR24222851/SRR24222851_1.fastq.gz	SRR24222851_1.fastq.gz	SRR24222851_WGS_of_Ischnura_elegans_female_1.fastq.gz
SRR24222851	WGS of Ischnura elegans: female	Illumina NovaSeq 6000	258962	1690754400000	ftp://ftp-trace.ncbi.nlm.nih.gov/sra/sra-instant/reads/ByRun/sra/SRR/SRR242/SRR24222851/SRR24222851.sra	SRR24222851.sra	SRR24222851_WGS_of_Ischnura_elegans_female.sra	ftp://ftp.sra.ebi.ac.uk/vol1/fastq/SRR242/051/SRR24222851/SRR24222851_2.fastq.gz	era-fasp@fasp.sra.ebi.ac.uk:vol1/fastq/SRR242/051/SRR24222851/SRR24222851_2.fastq.gz	SRR24222851_2.fastq.gz	SRR24222851_WGS_of_Ischnura_elegans_female_2.fastq.gz
SRR24222850	WGS of Ischnura elegans: female	Illumina NovaSeq 6000	572849	1690754400000	ftp://ftp-trace.ncbi.nlm.nih.gov/sra/sra-instant/reads/ByRun/sra/SRR/SRR242/SRR24222850/SRR24222850.sra	SRR24222850.sra	SRR24222850_WGS_of_Ischnura_elegans_female.sra	ftp://ftp.sra.ebi.ac.uk/vol1/fastq/SRR242/050/SRR24222850/SRR24222850_1.fastq.gz	era-fasp@fasp.sra.ebi.ac.uk:vol1/fastq/SRR242/050/SRR24222850/SRR24222850_1.fastq.gz	SRR24222850_1.fastq.gz	SRR24222850_WGS_of_Ischnura_elegans_female_1.fastq.gz
SRR24222850	WGS of Ischnura elegans: female	Illumina NovaSeq 6000	572849	1690754400000	ftp://ftp-trace.ncbi.nlm.nih.gov/sra/sra-instant/reads/ByRun/sra/SRR/SRR242/SRR24222850/SRR24222850.sra	SRR24222850.sra	SRR24222850_WGS_of_Ischnura_elegans_female.sra	ftp://ftp.sra.ebi.ac.uk/vol1/fastq/SRR242/050/SRR24222850/SRR24222850_2.fastq.gz	era-fasp@fasp.sra.ebi.ac.uk:vol1/fastq/SRR242/050/SRR24222850/SRR24222850_2.fastq.gz	SRR24222850_2.fastq.gz	SRR24222850_WGS_of_Ischnura_elegans_female_2.fastq.gz
SRR24222848	WGS of Ischnura elegans: female	Illumina NovaSeq 6000	284605	1690754400000	ftp://ftp-trace.ncbi.nlm.nih.gov/sra/sra-instant/reads/ByRun/sra/SRR/SRR242/SRR24222848/SRR24222848.sra	SRR24222848.sra	SRR24222848_WGS_of_Ischnura_elegans_female.sra	ftp://ftp.sra.ebi.ac.uk/vol1/fastq/SRR242/048/SRR24222848/SRR24222848_1.fastq.gz	era-fasp@fasp.sra.ebi.ac.uk:vol1/fastq/SRR242/048/SRR24222848/SRR24222848_1.fastq.gz	SRR24222848_1.fastq.gz	SRR24222848_WGS_of_Ischnura_elegans_female_1.fastq.gz
SRR24222848	WGS of Ischnura elegans: female	Illumina NovaSeq 6000	284605	1690754400000	ftp://ftp-trace.ncbi.nlm.nih.gov/sra/sra-instant/reads/ByRun/sra/SRR/SRR242/SRR24222848/SRR24222848.sra	SRR24222848.sra	SRR24222848_WGS_of_Ischnura_elegans_female.sra	ftp://ftp.sra.ebi.ac.uk/vol1/fastq/SRR242/048/SRR24222848/SRR24222848_2.fastq.gz	era-fasp@fasp.sra.ebi.ac.uk:vol1/fastq/SRR242/048/SRR24222848/SRR24222848_2.fastq.gz	SRR24222848_2.fastq.gz	SRR24222848_WGS_of_Ischnura_elegans_female_2.fastq.gz
SRR24222844	WGS of Ischnura elegans: female	Illumina NovaSeq 6000	329542	1690754400000	ftp://ftp-trace.ncbi.nlm.nih.gov/sra/sra-instant/reads/ByRun/sra/SRR/SRR242/SRR24222844/SRR24222844.sra	SRR24222844.sra	SRR24222844_WGS_of_Ischnura_elegans_female.sra	ftp://ftp.sra.ebi.ac.uk/vol1/fastq/SRR242/044/SRR24222844/SRR24222844_1.fastq.gz	era-fasp@fasp.sra.ebi.ac.uk:vol1/fastq/SRR242/044/SRR24222844/SRR24222844_1.fastq.gz	SRR24222844_1.fastq.gz	SRR24222844_WGS_of_Ischnura_elegans_female_1.fastq.gz
SRR24222844	WGS of Ischnura elegans: female	Illumina NovaSeq 6000	329542	1690754400000	ftp://ftp-trace.ncbi.nlm.nih.gov/sra/sra-instant/reads/ByRun/sra/SRR/SRR242/SRR24222844/SRR24222844.sra	SRR24222844.sra	SRR24222844_WGS_of_Ischnura_elegans_female.sra	ftp://ftp.sra.ebi.ac.uk/vol1/fastq/SRR242/044/SRR24222844/SRR24222844_2.fastq.gz	era-fasp@fasp.sra.ebi.ac.uk:vol1/fastq/SRR242/044/SRR24222844/SRR24222844_2.fastq.gz	SRR24222844_2.fastq.gz	SRR24222844_WGS_of_Ischnura_elegans_female_2.fastq.gz
SRR24222846	WGS of Ischnura elegans: female	Illumina NovaSeq 6000	254437	1690754400000	ftp://ftp-trace.ncbi.nlm.nih.gov/sra/sra-instant/reads/ByRun/sra/SRR/SRR242/SRR24222846/SRR24222846.sra	SRR24222846.sra	SRR24222846_WGS_of_Ischnura_elegans_female.sra	ftp://ftp.sra.ebi.ac.uk/vol1/fastq/SRR242/046/SRR24222846/SRR24222846_1.fastq.gz	era-fasp@fasp.sra.ebi.ac.uk:vol1/fastq/SRR242/046/SRR24222846/SRR24222846_1.fastq.gz	SRR24222846_1.fastq.gz	SRR24222846_WGS_of_Ischnura_elegans_female_1.fastq.gz
SRR24222846	WGS of Ischnura elegans: female	Illumina NovaSeq 6000	254437	1690754400000	ftp://ftp-trace.ncbi.nlm.nih.gov/sra/sra-instant/reads/ByRun/sra/SRR/SRR242/SRR24222846/SRR24222846.sra	SRR24222846.sra	SRR24222846_WGS_of_Ischnura_elegans_female.sra	ftp://ftp.sra.ebi.ac.uk/vol1/fastq/SRR242/046/SRR24222846/SRR24222846_2.fastq.gz	era-fasp@fasp.sra.ebi.ac.uk:vol1/fastq/SRR242/046/SRR24222846/SRR24222846_2.fastq.gz	SRR24222846_2.fastq.gz	SRR24222846_WGS_of_Ischnura_elegans_female_2.fastq.gz
SRR24222845	WGS of Ischnura elegans: female	Illumina NovaSeq 6000	260502	1690754400000	ftp://ftp-trace.ncbi.nlm.nih.gov/sra/sra-instant/reads/ByRun/sra/SRR/SRR242/SRR24222845/SRR24222845.sra	SRR24222845.sra	SRR24222845_WGS_of_Ischnura_elegans_female.sra	ftp://ftp.sra.ebi.ac.uk/vol1/fastq/SRR242/045/SRR24222845/SRR24222845_1.fastq.gz	era-fasp@fasp.sra.ebi.ac.uk:vol1/fastq/SRR242/045/SRR24222845/SRR24222845_1.fastq.gz	SRR24222845_1.fastq.gz	SRR24222845_WGS_of_Ischnura_elegans_female_1.fastq.gz
SRR24222845	WGS of Ischnura elegans: female	Illumina NovaSeq 6000	260502	1690754400000	ftp://ftp-trace.ncbi.nlm.nih.gov/sra/sra-instant/reads/ByRun/sra/SRR/SRR242/SRR24222845/SRR24222845.sra	SRR24222845.sra	SRR24222845_WGS_of_Ischnura_elegans_female.sra	ftp://ftp.sra.ebi.ac.uk/vol1/fastq/SRR242/045/SRR24222845/SRR24222845_2.fastq.gz	era-fasp@fasp.sra.ebi.ac.uk:vol1/fastq/SRR242/045/SRR24222845/SRR24222845_2.fastq.gz	SRR24222845_2.fastq.gz	SRR24222845_WGS_of_Ischnura_elegans_female_2.fastq.gz
SRR24222847	WGS of Ischnura elegans: female	Illumina NovaSeq 6000	267027	1690754400000	ftp://ftp-trace.ncbi.nlm.nih.gov/sra/sra-instant/reads/ByRun/sra/SRR/SRR242/SRR24222847/SRR24222847.sra	SRR24222847.sra	SRR24222847_WGS_of_Ischnura_elegans_female.sra	ftp://ftp.sra.ebi.ac.uk/vol1/fastq/SRR242/047/SRR24222847/SRR24222847_1.fastq.gz	era-fasp@fasp.sra.ebi.ac.uk:vol1/fastq/SRR242/047/SRR24222847/SRR24222847_1.fastq.gz	SRR24222847_1.fastq.gz	SRR24222847_WGS_of_Ischnura_elegans_female_1.fastq.gz
SRR24222847	WGS of Ischnura elegans: female	Illumina NovaSeq 6000	267027	1690754400000	ftp://ftp-trace.ncbi.nlm.nih.gov/sra/sra-instant/reads/ByRun/sra/SRR/SRR242/SRR24222847/SRR24222847.sra	SRR24222847.sra	SRR24222847_WGS_of_Ischnura_elegans_female.sra	ftp://ftp.sra.ebi.ac.uk/vol1/fastq/SRR242/047/SRR24222847/SRR24222847_2.fastq.gz	era-fasp@fasp.sra.ebi.ac.uk:vol1/fastq/SRR242/047/SRR24222847/SRR24222847_2.fastq.gz	SRR24222847_2.fastq.gz	SRR24222847_WGS_of_Ischnura_elegans_female_2.fastq.gz
SRR24222849	WGS of Ischnura elegans: female	Illumina NovaSeq 6000	233300	1690754400000	ftp://ftp-trace.ncbi.nlm.nih.gov/sra/sra-instant/reads/ByRun/sra/SRR/SRR242/SRR24222849/SRR24222849.sra	SRR24222849.sra	SRR24222849_WGS_of_Ischnura_elegans_female.sra	ftp://ftp.sra.ebi.ac.uk/vol1/fastq/SRR242/049/SRR24222849/SRR24222849_1.fastq.gz	era-fasp@fasp.sra.ebi.ac.uk:vol1/fastq/SRR242/049/SRR24222849/SRR24222849_1.fastq.gz	SRR24222849_1.fastq.gz	SRR24222849_WGS_of_Ischnura_elegans_female_1.fastq.gz
SRR24222849	WGS of Ischnura elegans: female	Illumina NovaSeq 6000	233300	1690754400000	ftp://ftp-trace.ncbi.nlm.nih.gov/sra/sra-instant/reads/ByRun/sra/SRR/SRR242/SRR24222849/SRR24222849.sra	SRR24222849.sra	SRR24222849_WGS_of_Ischnura_elegans_female.sra	ftp://ftp.sra.ebi.ac.uk/vol1/fastq/SRR242/049/SRR24222849/SRR24222849_2.fastq.gz	era-fasp@fasp.sra.ebi.ac.uk:vol1/fastq/SRR242/049/SRR24222849/SRR24222849_2.fastq.gz	SRR24222849_2.fastq.gz	SRR24222849_WGS_of_Ischnura_elegans_female_2.fastq.gz
SRR24222843	WGS of Ischnura elegans: female	Illumina NovaSeq 6000	552478	1690754400000	ftp://ftp-trace.ncbi.nlm.nih.gov/sra/sra-instant/reads/ByRun/sra/SRR/SRR242/SRR24222843/SRR24222843.sra	SRR24222843.sra	SRR24222843_WGS_of_Ischnura_elegans_female.sra	ftp://ftp.sra.ebi.ac.uk/vol1/fastq/SRR242/043/SRR24222843/SRR24222843_1.fastq.gz	era-fasp@fasp.sra.ebi.ac.uk:vol1/fastq/SRR242/043/SRR24222843/SRR24222843_1.fastq.gz	SRR24222843_1.fastq.gz	SRR24222843_WGS_of_Ischnura_elegans_female_1.fastq.gz
SRR24222843	WGS of Ischnura elegans: female	Illumina NovaSeq 6000	552478	1690754400000	ftp://ftp-trace.ncbi.nlm.nih.gov/sra/sra-instant/reads/ByRun/sra/SRR/SRR242/SRR24222843/SRR24222843.sra	SRR24222843.sra	SRR24222843_WGS_of_Ischnura_elegans_female.sra	ftp://ftp.sra.ebi.ac.uk/vol1/fastq/SRR242/043/SRR24222843/SRR24222843_2.fastq.gz	era-fasp@fasp.sra.ebi.ac.uk:vol1/fastq/SRR242/043/SRR24222843/SRR24222843_2.fastq.gz	SRR24222843_2.fastq.gz	SRR24222843_WGS_of_Ischnura_elegans_female_2.fastq.gz
SRR24222842	WGS of Ischnura elegans: female	Illumina NovaSeq 6000	288637	1690754400000	ftp://ftp-trace.ncbi.nlm.nih.gov/sra/sra-instant/reads/ByRun/sra/SRR/SRR242/SRR24222842/SRR24222842.sra	SRR24222842.sra	SRR24222842_WGS_of_Ischnura_elegans_female.sra	ftp://ftp.sra.ebi.ac.uk/vol1/fastq/SRR242/042/SRR24222842/SRR24222842_1.fastq.gz	era-fasp@fasp.sra.ebi.ac.uk:vol1/fastq/SRR242/042/SRR24222842/SRR24222842_1.fastq.gz	SRR24222842_1.fastq.gz	SRR24222842_WGS_of_Ischnura_elegans_female_1.fastq.gz
SRR24222842	WGS of Ischnura elegans: female	Illumina NovaSeq 6000	288637	1690754400000	ftp://ftp-trace.ncbi.nlm.nih.gov/sra/sra-instant/reads/ByRun/sra/SRR/SRR242/SRR24222842/SRR24222842.sra	SRR24222842.sra	SRR24222842_WGS_of_Ischnura_elegans_female.sra	ftp://ftp.sra.ebi.ac.uk/vol1/fastq/SRR242/042/SRR24222842/SRR24222842_2.fastq.gz	era-fasp@fasp.sra.ebi.ac.uk:vol1/fastq/SRR242/042/SRR24222842/SRR24222842_2.fastq.gz	SRR24222842_2.fastq.gz	SRR24222842_WGS_of_Ischnura_elegans_female_2.fastq.gz
SRR24222841	WGS of Ischnura elegans: female	Illumina NovaSeq 6000	307899	1690754400000	ftp://ftp-trace.ncbi.nlm.nih.gov/sra/sra-instant/reads/ByRun/sra/SRR/SRR242/SRR24222841/SRR24222841.sra	SRR24222841.sra	SRR24222841_WGS_of_Ischnura_elegans_female.sra	ftp://ftp.sra.ebi.ac.uk/vol1/fastq/SRR242/041/SRR24222841/SRR24222841_1.fastq.gz	era-fasp@fasp.sra.ebi.ac.uk:vol1/fastq/SRR242/041/SRR24222841/SRR24222841_1.fastq.gz	SRR24222841_1.fastq.gz	SRR24222841_WGS_of_Ischnura_elegans_female_1.fastq.gz
SRR24222841	WGS of Ischnura elegans: female	Illumina NovaSeq 6000	307899	1690754400000	ftp://ftp-trace.ncbi.nlm.nih.gov/sra/sra-instant/reads/ByRun/sra/SRR/SRR242/SRR24222841/SRR24222841.sra	SRR24222841.sra	SRR24222841_WGS_of_Ischnura_elegans_female.sra	ftp://ftp.sra.ebi.ac.uk/vol1/fastq/SRR242/041/SRR24222841/SRR24222841_2.fastq.gz	era-fasp@fasp.sra.ebi.ac.uk:vol1/fastq/SRR242/041/SRR24222841/SRR24222841_2.fastq.gz	SRR24222841_2.fastq.gz	SRR24222841_WGS_of_Ischnura_elegans_female_2.fastq.gz
SRR24222839	WGS of Ischnura elegans: female	Illumina NovaSeq 6000	463220	1690754400000	ftp://ftp-trace.ncbi.nlm.nih.gov/sra/sra-instant/reads/ByRun/sra/SRR/SRR242/SRR24222839/SRR24222839.sra	SRR24222839.sra	SRR24222839_WGS_of_Ischnura_elegans_female.sra	ftp://ftp.sra.ebi.ac.uk/vol1/fastq/SRR242/039/SRR24222839/SRR24222839_1.fastq.gz	era-fasp@fasp.sra.ebi.ac.uk:vol1/fastq/SRR242/039/SRR24222839/SRR24222839_1.fastq.gz	SRR24222839_1.fastq.gz	SRR24222839_WGS_of_Ischnura_elegans_female_1.fastq.gz
SRR24222839	WGS of Ischnura elegans: female	Illumina NovaSeq 6000	463220	1690754400000	ftp://ftp-trace.ncbi.nlm.nih.gov/sra/sra-instant/reads/ByRun/sra/SRR/SRR242/SRR24222839/SRR24222839.sra	SRR24222839.sra	SRR24222839_WGS_of_Ischnura_elegans_female.sra	ftp://ftp.sra.ebi.ac.uk/vol1/fastq/SRR242/039/SRR24222839/SRR24222839_2.fastq.gz	era-fasp@fasp.sra.ebi.ac.uk:vol1/fastq/SRR242/039/SRR24222839/SRR24222839_2.fastq.gz	SRR24222839_2.fastq.gz	SRR24222839_WGS_of_Ischnura_elegans_female_2.fastq.gz
SRR24222840	WGS of Ischnura elegans: female	Illumina NovaSeq 6000	236222	1690754400000	ftp://ftp-trace.ncbi.nlm.nih.gov/sra/sra-instant/reads/ByRun/sra/SRR/SRR242/SRR24222840/SRR24222840.sra	SRR24222840.sra	SRR24222840_WGS_of_Ischnura_elegans_female.sra	ftp://ftp.sra.ebi.ac.uk/vol1/fastq/SRR242/040/SRR24222840/SRR24222840_1.fastq.gz	era-fasp@fasp.sra.ebi.ac.uk:vol1/fastq/SRR242/040/SRR24222840/SRR24222840_1.fastq.gz	SRR24222840_1.fastq.gz	SRR24222840_WGS_of_Ischnura_elegans_female_1.fastq.gz
SRR24222840	WGS of Ischnura elegans: female	Illumina NovaSeq 6000	236222	1690754400000	ftp://ftp-trace.ncbi.nlm.nih.gov/sra/sra-instant/reads/ByRun/sra/SRR/SRR242/SRR24222840/SRR24222840.sra	SRR24222840.sra	SRR24222840_WGS_of_Ischnura_elegans_female.sra	ftp://ftp.sra.ebi.ac.uk/vol1/fastq/SRR242/040/SRR24222840/SRR24222840_2.fastq.gz	era-fasp@fasp.sra.ebi.ac.uk:vol1/fastq/SRR242/040/SRR24222840/SRR24222840_2.fastq.gz	SRR24222840_2.fastq.gz	SRR24222840_WGS_of_Ischnura_elegans_female_2.fastq.gz
SRR24222838	WGS of Ischnura elegans: female	Illumina NovaSeq 6000	557403	1690754400000	ftp://ftp-trace.ncbi.nlm.nih.gov/sra/sra-instant/reads/ByRun/sra/SRR/SRR242/SRR24222838/SRR24222838.sra	SRR24222838.sra	SRR24222838_WGS_of_Ischnura_elegans_female.sra	ftp://ftp.sra.ebi.ac.uk/vol1/fastq/SRR242/038/SRR24222838/SRR24222838_1.fastq.gz	era-fasp@fasp.sra.ebi.ac.uk:vol1/fastq/SRR242/038/SRR24222838/SRR24222838_1.fastq.gz	SRR24222838_1.fastq.gz	SRR24222838_WGS_of_Ischnura_elegans_female_1.fastq.gz
SRR24222838	WGS of Ischnura elegans: female	Illumina NovaSeq 6000	557403	1690754400000	ftp://ftp-trace.ncbi.nlm.nih.gov/sra/sra-instant/reads/ByRun/sra/SRR/SRR242/SRR24222838/SRR24222838.sra	SRR24222838.sra	SRR24222838_WGS_of_Ischnura_elegans_female.sra	ftp://ftp.sra.ebi.ac.uk/vol1/fastq/SRR242/038/SRR24222838/SRR24222838_2.fastq.gz	era-fasp@fasp.sra.ebi.ac.uk:vol1/fastq/SRR242/038/SRR24222838/SRR24222838_2.fastq.gz	SRR24222838_2.fastq.gz	SRR24222838_WGS_of_Ischnura_elegans_female_2.fastq.gz
SRR24222837	WGS of Ischnura elegans: female	Illumina NovaSeq 6000	391462	1690754400000	ftp://ftp-trace.ncbi.nlm.nih.gov/sra/sra-instant/reads/ByRun/sra/SRR/SRR242/SRR24222837/SRR24222837.sra	SRR24222837.sra	SRR24222837_WGS_of_Ischnura_elegans_female.sra	ftp://ftp.sra.ebi.ac.uk/vol1/fastq/SRR242/037/SRR24222837/SRR24222837_1.fastq.gz	era-fasp@fasp.sra.ebi.ac.uk:vol1/fastq/SRR242/037/SRR24222837/SRR24222837_1.fastq.gz	SRR24222837_1.fastq.gz	SRR24222837_WGS_of_Ischnura_elegans_female_1.fastq.gz
SRR24222837	WGS of Ischnura elegans: female	Illumina NovaSeq 6000	391462	1690754400000	ftp://ftp-trace.ncbi.nlm.nih.gov/sra/sra-instant/reads/ByRun/sra/SRR/SRR242/SRR24222837/SRR24222837.sra	SRR24222837.sra	SRR24222837_WGS_of_Ischnura_elegans_female.sra	ftp://ftp.sra.ebi.ac.uk/vol1/fastq/SRR242/037/SRR24222837/SRR24222837_2.fastq.gz	era-fasp@fasp.sra.ebi.ac.uk:vol1/fastq/SRR242/037/SRR24222837/SRR24222837_2.fastq.gz	SRR24222837_2.fastq.gz	SRR24222837_WGS_of_Ischnura_elegans_female_2.fastq.gz
SRR24222836	WGS of Ischnura elegans: female	Illumina NovaSeq 6000	485221	1690754400000	ftp://ftp-trace.ncbi.nlm.nih.gov/sra/sra-instant/reads/ByRun/sra/SRR/SRR242/SRR24222836/SRR24222836.sra	SRR24222836.sra	SRR24222836_WGS_of_Ischnura_elegans_female.sra	ftp://ftp.sra.ebi.ac.uk/vol1/fastq/SRR242/036/SRR24222836/SRR24222836_1.fastq.gz	era-fasp@fasp.sra.ebi.ac.uk:vol1/fastq/SRR242/036/SRR24222836/SRR24222836_1.fastq.gz	SRR24222836_1.fastq.gz	SRR24222836_WGS_of_Ischnura_elegans_female_1.fastq.gz
SRR24222836	WGS of Ischnura elegans: female	Illumina NovaSeq 6000	485221	1690754400000	ftp://ftp-trace.ncbi.nlm.nih.gov/sra/sra-instant/reads/ByRun/sra/SRR/SRR242/SRR24222836/SRR24222836.sra	SRR24222836.sra	SRR24222836_WGS_of_Ischnura_elegans_female.sra	ftp://ftp.sra.ebi.ac.uk/vol1/fastq/SRR242/036/SRR24222836/SRR24222836_2.fastq.gz	era-fasp@fasp.sra.ebi.ac.uk:vol1/fastq/SRR242/036/SRR24222836/SRR24222836_2.fastq.gz	SRR24222836_2.fastq.gz	SRR24222836_WGS_of_Ischnura_elegans_female_2.fastq.gz
SRR24222834	WGS of Ischnura elegans: female	Illumina NovaSeq 6000	288003	1690754400000	ftp://ftp-trace.ncbi.nlm.nih.gov/sra/sra-instant/reads/ByRun/sra/SRR/SRR242/SRR24222834/SRR24222834.sra	SRR24222834.sra	SRR24222834_WGS_of_Ischnura_elegans_female.sra	ftp://ftp.sra.ebi.ac.uk/vol1/fastq/SRR242/034/SRR24222834/SRR24222834_1.fastq.gz	era-fasp@fasp.sra.ebi.ac.uk:vol1/fastq/SRR242/034/SRR24222834/SRR24222834_1.fastq.gz	SRR24222834_1.fastq.gz	SRR24222834_WGS_of_Ischnura_elegans_female_1.fastq.gz
SRR24222834	WGS of Ischnura elegans: female	Illumina NovaSeq 6000	288003	1690754400000	ftp://ftp-trace.ncbi.nlm.nih.gov/sra/sra-instant/reads/ByRun/sra/SRR/SRR242/SRR24222834/SRR24222834.sra	SRR24222834.sra	SRR24222834_WGS_of_Ischnura_elegans_female.sra	ftp://ftp.sra.ebi.ac.uk/vol1/fastq/SRR242/034/SRR24222834/SRR24222834_2.fastq.gz	era-fasp@fasp.sra.ebi.ac.uk:vol1/fastq/SRR242/034/SRR24222834/SRR24222834_2.fastq.gz	SRR24222834_2.fastq.gz	SRR24222834_WGS_of_Ischnura_elegans_female_2.fastq.gz
SRR24222835	WGS of Ischnura elegans: female	Illumina NovaSeq 6000	475876	1690754400000	ftp://ftp-trace.ncbi.nlm.nih.gov/sra/sra-instant/reads/ByRun/sra/SRR/SRR242/SRR24222835/SRR24222835.sra	SRR24222835.sra	SRR24222835_WGS_of_Ischnura_elegans_female.sra	ftp://ftp.sra.ebi.ac.uk/vol1/fastq/SRR242/035/SRR24222835/SRR24222835_1.fastq.gz	era-fasp@fasp.sra.ebi.ac.uk:vol1/fastq/SRR242/035/SRR24222835/SRR24222835_1.fastq.gz	SRR24222835_1.fastq.gz	SRR24222835_WGS_of_Ischnura_elegans_female_1.fastq.gz
SRR24222835	WGS of Ischnura elegans: female	Illumina NovaSeq 6000	475876	1690754400000	ftp://ftp-trace.ncbi.nlm.nih.gov/sra/sra-instant/reads/ByRun/sra/SRR/SRR242/SRR24222835/SRR24222835.sra	SRR24222835.sra	SRR24222835_WGS_of_Ischnura_elegans_female.sra	ftp://ftp.sra.ebi.ac.uk/vol1/fastq/SRR242/035/SRR24222835/SRR24222835_2.fastq.gz	era-fasp@fasp.sra.ebi.ac.uk:vol1/fastq/SRR242/035/SRR24222835/SRR24222835_2.fastq.gz	SRR24222835_2.fastq.gz	SRR24222835_WGS_of_Ischnura_elegans_female_2.fastq.gz
SRR24222833	WGS of Ischnura elegans: female	Illumina NovaSeq 6000	426787	1690754400000	ftp://ftp-trace.ncbi.nlm.nih.gov/sra/sra-instant/reads/ByRun/sra/SRR/SRR242/SRR24222833/SRR24222833.sra	SRR24222833.sra	SRR24222833_WGS_of_Ischnura_elegans_female.sra	ftp://ftp.sra.ebi.ac.uk/vol1/fastq/SRR242/033/SRR24222833/SRR24222833_1.fastq.gz	era-fasp@fasp.sra.ebi.ac.uk:vol1/fastq/SRR242/033/SRR24222833/SRR24222833_1.fastq.gz	SRR24222833_1.fastq.gz	SRR24222833_WGS_of_Ischnura_elegans_female_1.fastq.gz
SRR24222833	WGS of Ischnura elegans: female	Illumina NovaSeq 6000	426787	1690754400000	ftp://ftp-trace.ncbi.nlm.nih.gov/sra/sra-instant/reads/ByRun/sra/SRR/SRR242/SRR24222833/SRR24222833.sra	SRR24222833.sra	SRR24222833_WGS_of_Ischnura_elegans_female.sra	ftp://ftp.sra.ebi.ac.uk/vol1/fastq/SRR242/033/SRR24222833/SRR24222833_2.fastq.gz	era-fasp@fasp.sra.ebi.ac.uk:vol1/fastq/SRR242/033/SRR24222833/SRR24222833_2.fastq.gz	SRR24222833_2.fastq.gz	SRR24222833_WGS_of_Ischnura_elegans_female_2.fastq.gz
SRR24222832	WGS of Ischnura elegans: female	Illumina NovaSeq 6000	366974	1690754400000	ftp://ftp-trace.ncbi.nlm.nih.gov/sra/sra-instant/reads/ByRun/sra/SRR/SRR242/SRR24222832/SRR24222832.sra	SRR24222832.sra	SRR24222832_WGS_of_Ischnura_elegans_female.sra	ftp://ftp.sra.ebi.ac.uk/vol1/fastq/SRR242/032/SRR24222832/SRR24222832_1.fastq.gz	era-fasp@fasp.sra.ebi.ac.uk:vol1/fastq/SRR242/032/SRR24222832/SRR24222832_1.fastq.gz	SRR24222832_1.fastq.gz	SRR24222832_WGS_of_Ischnura_elegans_female_1.fastq.gz
SRR24222832	WGS of Ischnura elegans: female	Illumina NovaSeq 6000	366974	1690754400000	ftp://ftp-trace.ncbi.nlm.nih.gov/sra/sra-instant/reads/ByRun/sra/SRR/SRR242/SRR24222832/SRR24222832.sra	SRR24222832.sra	SRR24222832_WGS_of_Ischnura_elegans_female.sra	ftp://ftp.sra.ebi.ac.uk/vol1/fastq/SRR242/032/SRR24222832/SRR24222832_2.fastq.gz	era-fasp@fasp.sra.ebi.ac.uk:vol1/fastq/SRR242/032/SRR24222832/SRR24222832_2.fastq.gz	SRR24222832_2.fastq.gz	SRR24222832_WGS_of_Ischnura_elegans_female_2.fastq.gz
SRR24222830	WGS of Ischnura elegans: female	Illumina NovaSeq 6000	438976	1690754400000	ftp://ftp-trace.ncbi.nlm.nih.gov/sra/sra-instant/reads/ByRun/sra/SRR/SRR242/SRR24222830/SRR24222830.sra	SRR24222830.sra	SRR24222830_WGS_of_Ischnura_elegans_female.sra	ftp://ftp.sra.ebi.ac.uk/vol1/fastq/SRR242/030/SRR24222830/SRR24222830_1.fastq.gz	era-fasp@fasp.sra.ebi.ac.uk:vol1/fastq/SRR242/030/SRR24222830/SRR24222830_1.fastq.gz	SRR24222830_1.fastq.gz	SRR24222830_WGS_of_Ischnura_elegans_female_1.fastq.gz
SRR24222830	WGS of Ischnura elegans: female	Illumina NovaSeq 6000	438976	1690754400000	ftp://ftp-trace.ncbi.nlm.nih.gov/sra/sra-instant/reads/ByRun/sra/SRR/SRR242/SRR24222830/SRR24222830.sra	SRR24222830.sra	SRR24222830_WGS_of_Ischnura_elegans_female.sra	ftp://ftp.sra.ebi.ac.uk/vol1/fastq/SRR242/030/SRR24222830/SRR24222830_2.fastq.gz	era-fasp@fasp.sra.ebi.ac.uk:vol1/fastq/SRR242/030/SRR24222830/SRR24222830_2.fastq.gz	SRR24222830_2.fastq.gz	SRR24222830_WGS_of_Ischnura_elegans_female_2.fastq.gz
SRR24222831	WGS of Ischnura elegans: female	Illumina NovaSeq 6000	540152	1690754400000	ftp://ftp-trace.ncbi.nlm.nih.gov/sra/sra-instant/reads/ByRun/sra/SRR/SRR242/SRR24222831/SRR24222831.sra	SRR24222831.sra	SRR24222831_WGS_of_Ischnura_elegans_female.sra	ftp://ftp.sra.ebi.ac.uk/vol1/fastq/SRR242/031/SRR24222831/SRR24222831_1.fastq.gz	era-fasp@fasp.sra.ebi.ac.uk:vol1/fastq/SRR242/031/SRR24222831/SRR24222831_1.fastq.gz	SRR24222831_1.fastq.gz	SRR24222831_WGS_of_Ischnura_elegans_female_1.fastq.gz
SRR24222831	WGS of Ischnura elegans: female	Illumina NovaSeq 6000	540152	1690754400000	ftp://ftp-trace.ncbi.nlm.nih.gov/sra/sra-instant/reads/ByRun/sra/SRR/SRR242/SRR24222831/SRR24222831.sra	SRR24222831.sra	SRR24222831_WGS_of_Ischnura_elegans_female.sra	ftp://ftp.sra.ebi.ac.uk/vol1/fastq/SRR242/031/SRR24222831/SRR24222831_2.fastq.gz	era-fasp@fasp.sra.ebi.ac.uk:vol1/fastq/SRR242/031/SRR24222831/SRR24222831_2.fastq.gz	SRR24222831_2.fastq.gz	SRR24222831_WGS_of_Ischnura_elegans_female_2.fastq.gz
SRR24222828	WGS of Ischnura elegans: female	Illumina NovaSeq 6000	457752	1690754400000	ftp://ftp-trace.ncbi.nlm.nih.gov/sra/sra-instant/reads/ByRun/sra/SRR/SRR242/SRR24222828/SRR24222828.sra	SRR24222828.sra	SRR24222828_WGS_of_Ischnura_elegans_female.sra	ftp://ftp.sra.ebi.ac.uk/vol1/fastq/SRR242/028/SRR24222828/SRR24222828_1.fastq.gz	era-fasp@fasp.sra.ebi.ac.uk:vol1/fastq/SRR242/028/SRR24222828/SRR24222828_1.fastq.gz	SRR24222828_1.fastq.gz	SRR24222828_WGS_of_Ischnura_elegans_female_1.fastq.gz
SRR24222828	WGS of Ischnura elegans: female	Illumina NovaSeq 6000	457752	1690754400000	ftp://ftp-trace.ncbi.nlm.nih.gov/sra/sra-instant/reads/ByRun/sra/SRR/SRR242/SRR24222828/SRR24222828.sra	SRR24222828.sra	SRR24222828_WGS_of_Ischnura_elegans_female.sra	ftp://ftp.sra.ebi.ac.uk/vol1/fastq/SRR242/028/SRR24222828/SRR24222828_2.fastq.gz	era-fasp@fasp.sra.ebi.ac.uk:vol1/fastq/SRR242/028/SRR24222828/SRR24222828_2.fastq.gz	SRR24222828_2.fastq.gz	SRR24222828_WGS_of_Ischnura_elegans_female_2.fastq.gz
SRR24222825	WGS of Ischnura elegans: female	Illumina NovaSeq 6000	411357	1690754400000	ftp://ftp-trace.ncbi.nlm.nih.gov/sra/sra-instant/reads/ByRun/sra/SRR/SRR242/SRR24222825/SRR24222825.sra	SRR24222825.sra	SRR24222825_WGS_of_Ischnura_elegans_female.sra	ftp://ftp.sra.ebi.ac.uk/vol1/fastq/SRR242/025/SRR24222825/SRR24222825_1.fastq.gz	era-fasp@fasp.sra.ebi.ac.uk:vol1/fastq/SRR242/025/SRR24222825/SRR24222825_1.fastq.gz	SRR24222825_1.fastq.gz	SRR24222825_WGS_of_Ischnura_elegans_female_1.fastq.gz
SRR24222825	WGS of Ischnura elegans: female	Illumina NovaSeq 6000	411357	1690754400000	ftp://ftp-trace.ncbi.nlm.nih.gov/sra/sra-instant/reads/ByRun/sra/SRR/SRR242/SRR24222825/SRR24222825.sra	SRR24222825.sra	SRR24222825_WGS_of_Ischnura_elegans_female.sra	ftp://ftp.sra.ebi.ac.uk/vol1/fastq/SRR242/025/SRR24222825/SRR24222825_2.fastq.gz	era-fasp@fasp.sra.ebi.ac.uk:vol1/fastq/SRR242/025/SRR24222825/SRR24222825_2.fastq.gz	SRR24222825_2.fastq.gz	SRR24222825_WGS_of_Ischnura_elegans_female_2.fastq.gz
SRR24222826	WGS of Ischnura elegans: female	Illumina NovaSeq 6000	492040	1690754400000	ftp://ftp-trace.ncbi.nlm.nih.gov/sra/sra-instant/reads/ByRun/sra/SRR/SRR242/SRR24222826/SRR24222826.sra	SRR24222826.sra	SRR24222826_WGS_of_Ischnura_elegans_female.sra	ftp://ftp.sra.ebi.ac.uk/vol1/fastq/SRR242/026/SRR24222826/SRR24222826_1.fastq.gz	era-fasp@fasp.sra.ebi.ac.uk:vol1/fastq/SRR242/026/SRR24222826/SRR24222826_1.fastq.gz	SRR24222826_1.fastq.gz	SRR24222826_WGS_of_Ischnura_elegans_female_1.fastq.gz
SRR24222826	WGS of Ischnura elegans: female	Illumina NovaSeq 6000	492040	1690754400000	ftp://ftp-trace.ncbi.nlm.nih.gov/sra/sra-instant/reads/ByRun/sra/SRR/SRR242/SRR24222826/SRR24222826.sra	SRR24222826.sra	SRR24222826_WGS_of_Ischnura_elegans_female.sra	ftp://ftp.sra.ebi.ac.uk/vol1/fastq/SRR242/026/SRR24222826/SRR24222826_2.fastq.gz	era-fasp@fasp.sra.ebi.ac.uk:vol1/fastq/SRR242/026/SRR24222826/SRR24222826_2.fastq.gz	SRR24222826_2.fastq.gz	SRR24222826_WGS_of_Ischnura_elegans_female_2.fastq.gz
SRR24222827	WGS of Ischnura elegans: female	Illumina NovaSeq 6000	432884	1690754400000	ftp://ftp-trace.ncbi.nlm.nih.gov/sra/sra-instant/reads/ByRun/sra/SRR/SRR242/SRR24222827/SRR24222827.sra	SRR24222827.sra	SRR24222827_WGS_of_Ischnura_elegans_female.sra	ftp://ftp.sra.ebi.ac.uk/vol1/fastq/SRR242/027/SRR24222827/SRR24222827_1.fastq.gz	era-fasp@fasp.sra.ebi.ac.uk:vol1/fastq/SRR242/027/SRR24222827/SRR24222827_1.fastq.gz	SRR24222827_1.fastq.gz	SRR24222827_WGS_of_Ischnura_elegans_female_1.fastq.gz
SRR24222827	WGS of Ischnura elegans: female	Illumina NovaSeq 6000	432884	1690754400000	ftp://ftp-trace.ncbi.nlm.nih.gov/sra/sra-instant/reads/ByRun/sra/SRR/SRR242/SRR24222827/SRR24222827.sra	SRR24222827.sra	SRR24222827_WGS_of_Ischnura_elegans_female.sra	ftp://ftp.sra.ebi.ac.uk/vol1/fastq/SRR242/027/SRR24222827/SRR24222827_2.fastq.gz	era-fasp@fasp.sra.ebi.ac.uk:vol1/fastq/SRR242/027/SRR24222827/SRR24222827_2.fastq.gz	SRR24222827_2.fastq.gz	SRR24222827_WGS_of_Ischnura_elegans_female_2.fastq.gz
SRR24222829	WGS of Ischnura elegans: female	Illumina NovaSeq 6000	427675	1690754400000	ftp://ftp-trace.ncbi.nlm.nih.gov/sra/sra-instant/reads/ByRun/sra/SRR/SRR242/SRR24222829/SRR24222829.sra	SRR24222829.sra	SRR24222829_WGS_of_Ischnura_elegans_female.sra	ftp://ftp.sra.ebi.ac.uk/vol1/fastq/SRR242/029/SRR24222829/SRR24222829_1.fastq.gz	era-fasp@fasp.sra.ebi.ac.uk:vol1/fastq/SRR242/029/SRR24222829/SRR24222829_1.fastq.gz	SRR24222829_1.fastq.gz	SRR24222829_WGS_of_Ischnura_elegans_female_1.fastq.gz
SRR24222829	WGS of Ischnura elegans: female	Illumina NovaSeq 6000	427675	1690754400000	ftp://ftp-trace.ncbi.nlm.nih.gov/sra/sra-instant/reads/ByRun/sra/SRR/SRR242/SRR24222829/SRR24222829.sra	SRR24222829.sra	SRR24222829_WGS_of_Ischnura_elegans_female.sra	ftp://ftp.sra.ebi.ac.uk/vol1/fastq/SRR242/029/SRR24222829/SRR24222829_2.fastq.gz	era-fasp@fasp.sra.ebi.ac.uk:vol1/fastq/SRR242/029/SRR24222829/SRR24222829_2.fastq.gz	SRR24222829_2.fastq.gz	SRR24222829_WGS_of_Ischnura_elegans_female_2.fastq.gz
SRR24222824	WGS of Ischnura elegans: female	Illumina NovaSeq 6000	360647	1690754400000	ftp://ftp-trace.ncbi.nlm.nih.gov/sra/sra-instant/reads/ByRun/sra/SRR/SRR242/SRR24222824/SRR24222824.sra	SRR24222824.sra	SRR24222824_WGS_of_Ischnura_elegans_female.sra	ftp://ftp.sra.ebi.ac.uk/vol1/fastq/SRR242/024/SRR24222824/SRR24222824_1.fastq.gz	era-fasp@fasp.sra.ebi.ac.uk:vol1/fastq/SRR242/024/SRR24222824/SRR24222824_1.fastq.gz	SRR24222824_1.fastq.gz	SRR24222824_WGS_of_Ischnura_elegans_female_1.fastq.gz
SRR24222824	WGS of Ischnura elegans: female	Illumina NovaSeq 6000	360647	1690754400000	ftp://ftp-trace.ncbi.nlm.nih.gov/sra/sra-instant/reads/ByRun/sra/SRR/SRR242/SRR24222824/SRR24222824.sra	SRR24222824.sra	SRR24222824_WGS_of_Ischnura_elegans_female.sra	ftp://ftp.sra.ebi.ac.uk/vol1/fastq/SRR242/024/SRR24222824/SRR24222824_2.fastq.gz	era-fasp@fasp.sra.ebi.ac.uk:vol1/fastq/SRR242/024/SRR24222824/SRR24222824_2.fastq.gz	SRR24222824_2.fastq.gz	SRR24222824_WGS_of_Ischnura_elegans_female_2.fastq.gz
SRR24222823	WGS of Ischnura elegans: female	Illumina NovaSeq 6000	466315	1690754400000	ftp://ftp-trace.ncbi.nlm.nih.gov/sra/sra-instant/reads/ByRun/sra/SRR/SRR242/SRR24222823/SRR24222823.sra	SRR24222823.sra	SRR24222823_WGS_of_Ischnura_elegans_female.sra	ftp://ftp.sra.ebi.ac.uk/vol1/fastq/SRR242/023/SRR24222823/SRR24222823_1.fastq.gz	era-fasp@fasp.sra.ebi.ac.uk:vol1/fastq/SRR242/023/SRR24222823/SRR24222823_1.fastq.gz	SRR24222823_1.fastq.gz	SRR24222823_WGS_of_Ischnura_elegans_female_1.fastq.gz
SRR24222823	WGS of Ischnura elegans: female	Illumina NovaSeq 6000	466315	1690754400000	ftp://ftp-trace.ncbi.nlm.nih.gov/sra/sra-instant/reads/ByRun/sra/SRR/SRR242/SRR24222823/SRR24222823.sra	SRR24222823.sra	SRR24222823_WGS_of_Ischnura_elegans_female.sra	ftp://ftp.sra.ebi.ac.uk/vol1/fastq/SRR242/023/SRR24222823/SRR24222823_2.fastq.gz	era-fasp@fasp.sra.ebi.ac.uk:vol1/fastq/SRR242/023/SRR24222823/SRR24222823_2.fastq.gz	SRR24222823_2.fastq.gz	SRR24222823_WGS_of_Ischnura_elegans_female_2.fastq.gz
SRR24222818	WGS of Ischnura elegans: female	Illumina NovaSeq 6000	437265	1690754400000	ftp://ftp-trace.ncbi.nlm.nih.gov/sra/sra-instant/reads/ByRun/sra/SRR/SRR242/SRR24222818/SRR24222818.sra	SRR24222818.sra	SRR24222818_WGS_of_Ischnura_elegans_female.sra	ftp://ftp.sra.ebi.ac.uk/vol1/fastq/SRR242/018/SRR24222818/SRR24222818_1.fastq.gz	era-fasp@fasp.sra.ebi.ac.uk:vol1/fastq/SRR242/018/SRR24222818/SRR24222818_1.fastq.gz	SRR24222818_1.fastq.gz	SRR24222818_WGS_of_Ischnura_elegans_female_1.fastq.gz
SRR24222818	WGS of Ischnura elegans: female	Illumina NovaSeq 6000	437265	1690754400000	ftp://ftp-trace.ncbi.nlm.nih.gov/sra/sra-instant/reads/ByRun/sra/SRR/SRR242/SRR24222818/SRR24222818.sra	SRR24222818.sra	SRR24222818_WGS_of_Ischnura_elegans_female.sra	ftp://ftp.sra.ebi.ac.uk/vol1/fastq/SRR242/018/SRR24222818/SRR24222818_2.fastq.gz	era-fasp@fasp.sra.ebi.ac.uk:vol1/fastq/SRR242/018/SRR24222818/SRR24222818_2.fastq.gz	SRR24222818_2.fastq.gz	SRR24222818_WGS_of_Ischnura_elegans_female_2.fastq.gz
SRR24222821	WGS of Ischnura elegans: female	Illumina NovaSeq 6000	408307	1690754400000	ftp://ftp-trace.ncbi.nlm.nih.gov/sra/sra-instant/reads/ByRun/sra/SRR/SRR242/SRR24222821/SRR24222821.sra	SRR24222821.sra	SRR24222821_WGS_of_Ischnura_elegans_female.sra	ftp://ftp.sra.ebi.ac.uk/vol1/fastq/SRR242/021/SRR24222821/SRR24222821_1.fastq.gz	era-fasp@fasp.sra.ebi.ac.uk:vol1/fastq/SRR242/021/SRR24222821/SRR24222821_1.fastq.gz	SRR24222821_1.fastq.gz	SRR24222821_WGS_of_Ischnura_elegans_female_1.fastq.gz
SRR24222821	WGS of Ischnura elegans: female	Illumina NovaSeq 6000	408307	1690754400000	ftp://ftp-trace.ncbi.nlm.nih.gov/sra/sra-instant/reads/ByRun/sra/SRR/SRR242/SRR24222821/SRR24222821.sra	SRR24222821.sra	SRR24222821_WGS_of_Ischnura_elegans_female.sra	ftp://ftp.sra.ebi.ac.uk/vol1/fastq/SRR242/021/SRR24222821/SRR24222821_2.fastq.gz	era-fasp@fasp.sra.ebi.ac.uk:vol1/fastq/SRR242/021/SRR24222821/SRR24222821_2.fastq.gz	SRR24222821_2.fastq.gz	SRR24222821_WGS_of_Ischnura_elegans_female_2.fastq.gz
SRR24222820	WGS of Ischnura elegans: female	Illumina NovaSeq 6000	357843	1690754400000	ftp://ftp-trace.ncbi.nlm.nih.gov/sra/sra-instant/reads/ByRun/sra/SRR/SRR242/SRR24222820/SRR24222820.sra	SRR24222820.sra	SRR24222820_WGS_of_Ischnura_elegans_female.sra	ftp://ftp.sra.ebi.ac.uk/vol1/fastq/SRR242/020/SRR24222820/SRR24222820_1.fastq.gz	era-fasp@fasp.sra.ebi.ac.uk:vol1/fastq/SRR242/020/SRR24222820/SRR24222820_1.fastq.gz	SRR24222820_1.fastq.gz	SRR24222820_WGS_of_Ischnura_elegans_female_1.fastq.gz
SRR24222820	WGS of Ischnura elegans: female	Illumina NovaSeq 6000	357843	1690754400000	ftp://ftp-trace.ncbi.nlm.nih.gov/sra/sra-instant/reads/ByRun/sra/SRR/SRR242/SRR24222820/SRR24222820.sra	SRR24222820.sra	SRR24222820_WGS_of_Ischnura_elegans_female.sra	ftp://ftp.sra.ebi.ac.uk/vol1/fastq/SRR242/020/SRR24222820/SRR24222820_2.fastq.gz	era-fasp@fasp.sra.ebi.ac.uk:vol1/fastq/SRR242/020/SRR24222820/SRR24222820_2.fastq.gz	SRR24222820_2.fastq.gz	SRR24222820_WGS_of_Ischnura_elegans_female_2.fastq.gz
SRR24222822	WGS of Ischnura elegans: female	Illumina NovaSeq 6000	519364	1690754400000	ftp://ftp-trace.ncbi.nlm.nih.gov/sra/sra-instant/reads/ByRun/sra/SRR/SRR242/SRR24222822/SRR24222822.sra	SRR24222822.sra	SRR24222822_WGS_of_Ischnura_elegans_female.sra	ftp://ftp.sra.ebi.ac.uk/vol1/fastq/SRR242/022/SRR24222822/SRR24222822_1.fastq.gz	era-fasp@fasp.sra.ebi.ac.uk:vol1/fastq/SRR242/022/SRR24222822/SRR24222822_1.fastq.gz	SRR24222822_1.fastq.gz	SRR24222822_WGS_of_Ischnura_elegans_female_1.fastq.gz
SRR24222822	WGS of Ischnura elegans: female	Illumina NovaSeq 6000	519364	1690754400000	ftp://ftp-trace.ncbi.nlm.nih.gov/sra/sra-instant/reads/ByRun/sra/SRR/SRR242/SRR24222822/SRR24222822.sra	SRR24222822.sra	SRR24222822_WGS_of_Ischnura_elegans_female.sra	ftp://ftp.sra.ebi.ac.uk/vol1/fastq/SRR242/022/SRR24222822/SRR24222822_2.fastq.gz	era-fasp@fasp.sra.ebi.ac.uk:vol1/fastq/SRR242/022/SRR24222822/SRR24222822_2.fastq.gz	SRR24222822_2.fastq.gz	SRR24222822_WGS_of_Ischnura_elegans_female_2.fastq.gz
SRR24222819	WGS of Ischnura elegans: female	Illumina NovaSeq 6000	492674	1690754400000	ftp://ftp-trace.ncbi.nlm.nih.gov/sra/sra-instant/reads/ByRun/sra/SRR/SRR242/SRR24222819/SRR24222819.sra	SRR24222819.sra	SRR24222819_WGS_of_Ischnura_elegans_female.sra	ftp://ftp.sra.ebi.ac.uk/vol1/fastq/SRR242/019/SRR24222819/SRR24222819_1.fastq.gz	era-fasp@fasp.sra.ebi.ac.uk:vol1/fastq/SRR242/019/SRR24222819/SRR24222819_1.fastq.gz	SRR24222819_1.fastq.gz	SRR24222819_WGS_of_Ischnura_elegans_female_1.fastq.gz
SRR24222819	WGS of Ischnura elegans: female	Illumina NovaSeq 6000	492674	1690754400000	ftp://ftp-trace.ncbi.nlm.nih.gov/sra/sra-instant/reads/ByRun/sra/SRR/SRR242/SRR24222819/SRR24222819.sra	SRR24222819.sra	SRR24222819_WGS_of_Ischnura_elegans_female.sra	ftp://ftp.sra.ebi.ac.uk/vol1/fastq/SRR242/019/SRR24222819/SRR24222819_2.fastq.gz	era-fasp@fasp.sra.ebi.ac.uk:vol1/fastq/SRR242/019/SRR24222819/SRR24222819_2.fastq.gz	SRR24222819_2.fastq.gz	SRR24222819_WGS_of_Ischnura_elegans_female_2.fastq.gz
SRR24222816	WGS of Ischnura elegans: female	Illumina NovaSeq 6000	472886	1690754400000	ftp://ftp-trace.ncbi.nlm.nih.gov/sra/sra-instant/reads/ByRun/sra/SRR/SRR242/SRR24222816/SRR24222816.sra	SRR24222816.sra	SRR24222816_WGS_of_Ischnura_elegans_female.sra	ftp://ftp.sra.ebi.ac.uk/vol1/fastq/SRR242/016/SRR24222816/SRR24222816_1.fastq.gz	era-fasp@fasp.sra.ebi.ac.uk:vol1/fastq/SRR242/016/SRR24222816/SRR24222816_1.fastq.gz	SRR24222816_1.fastq.gz	SRR24222816_WGS_of_Ischnura_elegans_female_1.fastq.gz
SRR24222816	WGS of Ischnura elegans: female	Illumina NovaSeq 6000	472886	1690754400000	ftp://ftp-trace.ncbi.nlm.nih.gov/sra/sra-instant/reads/ByRun/sra/SRR/SRR242/SRR24222816/SRR24222816.sra	SRR24222816.sra	SRR24222816_WGS_of_Ischnura_elegans_female.sra	ftp://ftp.sra.ebi.ac.uk/vol1/fastq/SRR242/016/SRR24222816/SRR24222816_2.fastq.gz	era-fasp@fasp.sra.ebi.ac.uk:vol1/fastq/SRR242/016/SRR24222816/SRR24222816_2.fastq.gz	SRR24222816_2.fastq.gz	SRR24222816_WGS_of_Ischnura_elegans_female_2.fastq.gz
SRR24222814	RNA-seq of Ischnura elegans: adult male thorax	Illumina NovaSeq 6000	87689	1690754400000	ftp://ftp-trace.ncbi.nlm.nih.gov/sra/sra-instant/reads/ByRun/sra/SRR/SRR242/SRR24222814/SRR24222814.sra	SRR24222814.sra	SRR24222814_RNA-seq_of_Ischnura_elegans_adult_male_thorax.sra	ftp://ftp.sra.ebi.ac.uk/vol1/fastq/SRR242/014/SRR24222814/SRR24222814_1.fastq.gz	era-fasp@fasp.sra.ebi.ac.uk:vol1/fastq/SRR242/014/SRR24222814/SRR24222814_1.fastq.gz	SRR24222814_1.fastq.gz	SRR24222814_RNA-seq_of_Ischnura_elegans_adult_male_thorax_1.fastq.gz
SRR24222814	RNA-seq of Ischnura elegans: adult male thorax	Illumina NovaSeq 6000	87689	1690754400000	ftp://ftp-trace.ncbi.nlm.nih.gov/sra/sra-instant/reads/ByRun/sra/SRR/SRR242/SRR24222814/SRR24222814.sra	SRR24222814.sra	SRR24222814_RNA-seq_of_Ischnura_elegans_adult_male_thorax.sra	ftp://ftp.sra.ebi.ac.uk/vol1/fastq/SRR242/014/SRR24222814/SRR24222814_2.fastq.gz	era-fasp@fasp.sra.ebi.ac.uk:vol1/fastq/SRR242/014/SRR24222814/SRR24222814_2.fastq.gz	SRR24222814_2.fastq.gz	SRR24222814_RNA-seq_of_Ischnura_elegans_adult_male_thorax_2.fastq.gz
SRR24222817	WGS of Ischnura elegans: female	Illumina NovaSeq 6000	429191	1690754400000	ftp://ftp-trace.ncbi.nlm.nih.gov/sra/sra-instant/reads/ByRun/sra/SRR/SRR242/SRR24222817/SRR24222817.sra	SRR24222817.sra	SRR24222817_WGS_of_Ischnura_elegans_female.sra	ftp://ftp.sra.ebi.ac.uk/vol1/fastq/SRR242/017/SRR24222817/SRR24222817_1.fastq.gz	era-fasp@fasp.sra.ebi.ac.uk:vol1/fastq/SRR242/017/SRR24222817/SRR24222817_1.fastq.gz	SRR24222817_1.fastq.gz	SRR24222817_WGS_of_Ischnura_elegans_female_1.fastq.gz
SRR24222817	WGS of Ischnura elegans: female	Illumina NovaSeq 6000	429191	1690754400000	ftp://ftp-trace.ncbi.nlm.nih.gov/sra/sra-instant/reads/ByRun/sra/SRR/SRR242/SRR24222817/SRR24222817.sra	SRR24222817.sra	SRR24222817_WGS_of_Ischnura_elegans_female.sra	ftp://ftp.sra.ebi.ac.uk/vol1/fastq/SRR242/017/SRR24222817/SRR24222817_2.fastq.gz	era-fasp@fasp.sra.ebi.ac.uk:vol1/fastq/SRR242/017/SRR24222817/SRR24222817_2.fastq.gz	SRR24222817_2.fastq.gz	SRR24222817_WGS_of_Ischnura_elegans_female_2.fastq.gz
SRR24222815	RNA-seq of Ischnura elegans: adult female thorax	Illumina NovaSeq 6000	101310	1690754400000	ftp://ftp-trace.ncbi.nlm.nih.gov/sra/sra-instant/reads/ByRun/sra/SRR/SRR242/SRR24222815/SRR24222815.sra	SRR24222815.sra	SRR24222815_RNA-seq_of_Ischnura_elegans_adult_female_thorax.sra	ftp://ftp.sra.ebi.ac.uk/vol1/fastq/SRR242/015/SRR24222815/SRR24222815_1.fastq.gz	era-fasp@fasp.sra.ebi.ac.uk:vol1/fastq/SRR242/015/SRR24222815/SRR24222815_1.fastq.gz	SRR24222815_1.fastq.gz	SRR24222815_RNA-seq_of_Ischnura_elegans_adult_female_thorax_1.fastq.gz
SRR24222815	RNA-seq of Ischnura elegans: adult female thorax	Illumina NovaSeq 6000	101310	1690754400000	ftp://ftp-trace.ncbi.nlm.nih.gov/sra/sra-instant/reads/ByRun/sra/SRR/SRR242/SRR24222815/SRR24222815.sra	SRR24222815.sra	SRR24222815_RNA-seq_of_Ischnura_elegans_adult_female_thorax.sra	ftp://ftp.sra.ebi.ac.uk/vol1/fastq/SRR242/015/SRR24222815/SRR24222815_2.fastq.gz	era-fasp@fasp.sra.ebi.ac.uk:vol1/fastq/SRR242/015/SRR24222815/SRR24222815_2.fastq.gz	SRR24222815_2.fastq.gz	SRR24222815_RNA-seq_of_Ischnura_elegans_adult_female_thorax_2.fastq.gz
SRR24222813	RNA-seq of Ischnura elegans: adult male thorax	Illumina NovaSeq 6000	85871	1690754400000	ftp://ftp-trace.ncbi.nlm.nih.gov/sra/sra-instant/reads/ByRun/sra/SRR/SRR242/SRR24222813/SRR24222813.sra	SRR24222813.sra	SRR24222813_RNA-seq_of_Ischnura_elegans_adult_male_thorax.sra	ftp://ftp.sra.ebi.ac.uk/vol1/fastq/SRR242/013/SRR24222813/SRR24222813_1.fastq.gz	era-fasp@fasp.sra.ebi.ac.uk:vol1/fastq/SRR242/013/SRR24222813/SRR24222813_1.fastq.gz	SRR24222813_1.fastq.gz	SRR24222813_RNA-seq_of_Ischnura_elegans_adult_male_thorax_1.fastq.gz
SRR24222813	RNA-seq of Ischnura elegans: adult male thorax	Illumina NovaSeq 6000	85871	1690754400000	ftp://ftp-trace.ncbi.nlm.nih.gov/sra/sra-instant/reads/ByRun/sra/SRR/SRR242/SRR24222813/SRR24222813.sra	SRR24222813.sra	SRR24222813_RNA-seq_of_Ischnura_elegans_adult_male_thorax.sra	ftp://ftp.sra.ebi.ac.uk/vol1/fastq/SRR242/013/SRR24222813/SRR24222813_2.fastq.gz	era-fasp@fasp.sra.ebi.ac.uk:vol1/fastq/SRR242/013/SRR24222813/SRR24222813_2.fastq.gz	SRR24222813_2.fastq.gz	SRR24222813_RNA-seq_of_Ischnura_elegans_adult_male_thorax_2.fastq.gz
SRR24222812	WGS of Ischnura elegans: female	Illumina NovaSeq 6000	502675	1690754400000	ftp://ftp-trace.ncbi.nlm.nih.gov/sra/sra-instant/reads/ByRun/sra/SRR/SRR242/SRR24222812/SRR24222812.sra	SRR24222812.sra	SRR24222812_WGS_of_Ischnura_elegans_female.sra	ftp://ftp.sra.ebi.ac.uk/vol1/fastq/SRR242/012/SRR24222812/SRR24222812_1.fastq.gz	era-fasp@fasp.sra.ebi.ac.uk:vol1/fastq/SRR242/012/SRR24222812/SRR24222812_1.fastq.gz	SRR24222812_1.fastq.gz	SRR24222812_WGS_of_Ischnura_elegans_female_1.fastq.gz
SRR24222812	WGS of Ischnura elegans: female	Illumina NovaSeq 6000	502675	1690754400000	ftp://ftp-trace.ncbi.nlm.nih.gov/sra/sra-instant/reads/ByRun/sra/SRR/SRR242/SRR24222812/SRR24222812.sra	SRR24222812.sra	SRR24222812_WGS_of_Ischnura_elegans_female.sra	ftp://ftp.sra.ebi.ac.uk/vol1/fastq/SRR242/012/SRR24222812/SRR24222812_2.fastq.gz	era-fasp@fasp.sra.ebi.ac.uk:vol1/fastq/SRR242/012/SRR24222812/SRR24222812_2.fastq.gz	SRR24222812_2.fastq.gz	SRR24222812_WGS_of_Ischnura_elegans_female_2.fastq.gz
SRR24222810	RNA-seq of Ischnura elegans: adult female thorax	Illumina NovaSeq 6000	85302	1690754400000	ftp://ftp-trace.ncbi.nlm.nih.gov/sra/sra-instant/reads/ByRun/sra/SRR/SRR242/SRR24222810/SRR24222810.sra	SRR24222810.sra	SRR24222810_RNA-seq_of_Ischnura_elegans_adult_female_thorax.sra	ftp://ftp.sra.ebi.ac.uk/vol1/fastq/SRR242/010/SRR24222810/SRR24222810_1.fastq.gz	era-fasp@fasp.sra.ebi.ac.uk:vol1/fastq/SRR242/010/SRR24222810/SRR24222810_1.fastq.gz	SRR24222810_1.fastq.gz	SRR24222810_RNA-seq_of_Ischnura_elegans_adult_female_thorax_1.fastq.gz
SRR24222810	RNA-seq of Ischnura elegans: adult female thorax	Illumina NovaSeq 6000	85302	1690754400000	ftp://ftp-trace.ncbi.nlm.nih.gov/sra/sra-instant/reads/ByRun/sra/SRR/SRR242/SRR24222810/SRR24222810.sra	SRR24222810.sra	SRR24222810_RNA-seq_of_Ischnura_elegans_adult_female_thorax.sra	ftp://ftp.sra.ebi.ac.uk/vol1/fastq/SRR242/010/SRR24222810/SRR24222810_2.fastq.gz	era-fasp@fasp.sra.ebi.ac.uk:vol1/fastq/SRR242/010/SRR24222810/SRR24222810_2.fastq.gz	SRR24222810_2.fastq.gz	SRR24222810_RNA-seq_of_Ischnura_elegans_adult_female_thorax_2.fastq.gz
SRR24222809	RNA-seq of Ischnura elegans: adult female thorax	Illumina NovaSeq 6000	112123	1690754400000	ftp://ftp-trace.ncbi.nlm.nih.gov/sra/sra-instant/reads/ByRun/sra/SRR/SRR242/SRR24222809/SRR24222809.sra	SRR24222809.sra	SRR24222809_RNA-seq_of_Ischnura_elegans_adult_female_thorax.sra	ftp://ftp.sra.ebi.ac.uk/vol1/fastq/SRR242/009/SRR24222809/SRR24222809_1.fastq.gz	era-fasp@fasp.sra.ebi.ac.uk:vol1/fastq/SRR242/009/SRR24222809/SRR24222809_1.fastq.gz	SRR24222809_1.fastq.gz	SRR24222809_RNA-seq_of_Ischnura_elegans_adult_female_thorax_1.fastq.gz
SRR24222809	RNA-seq of Ischnura elegans: adult female thorax	Illumina NovaSeq 6000	112123	1690754400000	ftp://ftp-trace.ncbi.nlm.nih.gov/sra/sra-instant/reads/ByRun/sra/SRR/SRR242/SRR24222809/SRR24222809.sra	SRR24222809.sra	SRR24222809_RNA-seq_of_Ischnura_elegans_adult_female_thorax.sra	ftp://ftp.sra.ebi.ac.uk/vol1/fastq/SRR242/009/SRR24222809/SRR24222809_2.fastq.gz	era-fasp@fasp.sra.ebi.ac.uk:vol1/fastq/SRR242/009/SRR24222809/SRR24222809_2.fastq.gz	SRR24222809_2.fastq.gz	SRR24222809_RNA-seq_of_Ischnura_elegans_adult_female_thorax_2.fastq.gz
SRR24222811	RNA-seq of Ischnura elegans: adult male thorax	Illumina NovaSeq 6000	113087	1690754400000	ftp://ftp-trace.ncbi.nlm.nih.gov/sra/sra-instant/reads/ByRun/sra/SRR/SRR242/SRR24222811/SRR24222811.sra	SRR24222811.sra	SRR24222811_RNA-seq_of_Ischnura_elegans_adult_male_thorax.sra	ftp://ftp.sra.ebi.ac.uk/vol1/fastq/SRR242/011/SRR24222811/SRR24222811_1.fastq.gz	era-fasp@fasp.sra.ebi.ac.uk:vol1/fastq/SRR242/011/SRR24222811/SRR24222811_1.fastq.gz	SRR24222811_1.fastq.gz	SRR24222811_RNA-seq_of_Ischnura_elegans_adult_male_thorax_1.fastq.gz
SRR24222811	RNA-seq of Ischnura elegans: adult male thorax	Illumina NovaSeq 6000	113087	1690754400000	ftp://ftp-trace.ncbi.nlm.nih.gov/sra/sra-instant/reads/ByRun/sra/SRR/SRR242/SRR24222811/SRR24222811.sra	SRR24222811.sra	SRR24222811_RNA-seq_of_Ischnura_elegans_adult_male_thorax.sra	ftp://ftp.sra.ebi.ac.uk/vol1/fastq/SRR242/011/SRR24222811/SRR24222811_2.fastq.gz	era-fasp@fasp.sra.ebi.ac.uk:vol1/fastq/SRR242/011/SRR24222811/SRR24222811_2.fastq.gz	SRR24222811_2.fastq.gz	SRR24222811_RNA-seq_of_Ischnura_elegans_adult_male_thorax_2.fastq.gz
SRR24222808	RNA-seq of Ischnura elegans: adult female thorax	Illumina NovaSeq 6000	87600	1690754400000	ftp://ftp-trace.ncbi.nlm.nih.gov/sra/sra-instant/reads/ByRun/sra/SRR/SRR242/SRR24222808/SRR24222808.sra	SRR24222808.sra	SRR24222808_RNA-seq_of_Ischnura_elegans_adult_female_thorax.sra	ftp://ftp.sra.ebi.ac.uk/vol1/fastq/SRR242/008/SRR24222808/SRR24222808_1.fastq.gz	era-fasp@fasp.sra.ebi.ac.uk:vol1/fastq/SRR242/008/SRR24222808/SRR24222808_1.fastq.gz	SRR24222808_1.fastq.gz	SRR24222808_RNA-seq_of_Ischnura_elegans_adult_female_thorax_1.fastq.gz
SRR24222808	RNA-seq of Ischnura elegans: adult female thorax	Illumina NovaSeq 6000	87600	1690754400000	ftp://ftp-trace.ncbi.nlm.nih.gov/sra/sra-instant/reads/ByRun/sra/SRR/SRR242/SRR24222808/SRR24222808.sra	SRR24222808.sra	SRR24222808_RNA-seq_of_Ischnura_elegans_adult_female_thorax.sra	ftp://ftp.sra.ebi.ac.uk/vol1/fastq/SRR242/008/SRR24222808/SRR24222808_2.fastq.gz	era-fasp@fasp.sra.ebi.ac.uk:vol1/fastq/SRR242/008/SRR24222808/SRR24222808_2.fastq.gz	SRR24222808_2.fastq.gz	SRR24222808_RNA-seq_of_Ischnura_elegans_adult_female_thorax_2.fastq.gz
SRR24222807	RNA-seq of Ischnura elegans: adult female thorax	Illumina NovaSeq 6000	101184	1690754400000	ftp://ftp-trace.ncbi.nlm.nih.gov/sra/sra-instant/reads/ByRun/sra/SRR/SRR242/SRR24222807/SRR24222807.sra	SRR24222807.sra	SRR24222807_RNA-seq_of_Ischnura_elegans_adult_female_thorax.sra	ftp://ftp.sra.ebi.ac.uk/vol1/fastq/SRR242/007/SRR24222807/SRR24222807_1.fastq.gz	era-fasp@fasp.sra.ebi.ac.uk:vol1/fastq/SRR242/007/SRR24222807/SRR24222807_1.fastq.gz	SRR24222807_1.fastq.gz	SRR24222807_RNA-seq_of_Ischnura_elegans_adult_female_thorax_1.fastq.gz
SRR24222807	RNA-seq of Ischnura elegans: adult female thorax	Illumina NovaSeq 6000	101184	1690754400000	ftp://ftp-trace.ncbi.nlm.nih.gov/sra/sra-instant/reads/ByRun/sra/SRR/SRR242/SRR24222807/SRR24222807.sra	SRR24222807.sra	SRR24222807_RNA-seq_of_Ischnura_elegans_adult_female_thorax.sra	ftp://ftp.sra.ebi.ac.uk/vol1/fastq/SRR242/007/SRR24222807/SRR24222807_2.fastq.gz	era-fasp@fasp.sra.ebi.ac.uk:vol1/fastq/SRR242/007/SRR24222807/SRR24222807_2.fastq.gz	SRR24222807_2.fastq.gz	SRR24222807_RNA-seq_of_Ischnura_elegans_adult_female_thorax_2.fastq.gz
SRR24222806	RNA-seq of Ischnura elegans: adult female thorax	Illumina NovaSeq 6000	117499	1690754400000	ftp://ftp-trace.ncbi.nlm.nih.gov/sra/sra-instant/reads/ByRun/sra/SRR/SRR242/SRR24222806/SRR24222806.sra	SRR24222806.sra	SRR24222806_RNA-seq_of_Ischnura_elegans_adult_female_thorax.sra	ftp://ftp.sra.ebi.ac.uk/vol1/fastq/SRR242/006/SRR24222806/SRR24222806_1.fastq.gz	era-fasp@fasp.sra.ebi.ac.uk:vol1/fastq/SRR242/006/SRR24222806/SRR24222806_1.fastq.gz	SRR24222806_1.fastq.gz	SRR24222806_RNA-seq_of_Ischnura_elegans_adult_female_thorax_1.fastq.gz
SRR24222806	RNA-seq of Ischnura elegans: adult female thorax	Illumina NovaSeq 6000	117499	1690754400000	ftp://ftp-trace.ncbi.nlm.nih.gov/sra/sra-instant/reads/ByRun/sra/SRR/SRR242/SRR24222806/SRR24222806.sra	SRR24222806.sra	SRR24222806_RNA-seq_of_Ischnura_elegans_adult_female_thorax.sra	ftp://ftp.sra.ebi.ac.uk/vol1/fastq/SRR242/006/SRR24222806/SRR24222806_2.fastq.gz	era-fasp@fasp.sra.ebi.ac.uk:vol1/fastq/SRR242/006/SRR24222806/SRR24222806_2.fastq.gz	SRR24222806_2.fastq.gz	SRR24222806_RNA-seq_of_Ischnura_elegans_adult_female_thorax_2.fastq.gz
SRR24222805	RNA-seq of Ischnura elegans: adult female thorax	Illumina NovaSeq 6000	101098	1690754400000	ftp://ftp-trace.ncbi.nlm.nih.gov/sra/sra-instant/reads/ByRun/sra/SRR/SRR242/SRR24222805/SRR24222805.sra	SRR24222805.sra	SRR24222805_RNA-seq_of_Ischnura_elegans_adult_female_thorax.sra	ftp://ftp.sra.ebi.ac.uk/vol1/fastq/SRR242/005/SRR24222805/SRR24222805_1.fastq.gz	era-fasp@fasp.sra.ebi.ac.uk:vol1/fastq/SRR242/005/SRR24222805/SRR24222805_1.fastq.gz	SRR24222805_1.fastq.gz	SRR24222805_RNA-seq_of_Ischnura_elegans_adult_female_thorax_1.fastq.gz
SRR24222805	RNA-seq of Ischnura elegans: adult female thorax	Illumina NovaSeq 6000	101098	1690754400000	ftp://ftp-trace.ncbi.nlm.nih.gov/sra/sra-instant/reads/ByRun/sra/SRR/SRR242/SRR24222805/SRR24222805.sra	SRR24222805.sra	SRR24222805_RNA-seq_of_Ischnura_elegans_adult_female_thorax.sra	ftp://ftp.sra.ebi.ac.uk/vol1/fastq/SRR242/005/SRR24222805/SRR24222805_2.fastq.gz	era-fasp@fasp.sra.ebi.ac.uk:vol1/fastq/SRR242/005/SRR24222805/SRR24222805_2.fastq.gz	SRR24222805_2.fastq.gz	SRR24222805_RNA-seq_of_Ischnura_elegans_adult_female_thorax_2.fastq.gz
SRR24222802	RNA-seq of Ischnura elegans: adult female thorax	Illumina NovaSeq 6000	99980	1690754400000	ftp://ftp-trace.ncbi.nlm.nih.gov/sra/sra-instant/reads/ByRun/sra/SRR/SRR242/SRR24222802/SRR24222802.sra	SRR24222802.sra	SRR24222802_RNA-seq_of_Ischnura_elegans_adult_female_thorax.sra	ftp://ftp.sra.ebi.ac.uk/vol1/fastq/SRR242/002/SRR24222802/SRR24222802_1.fastq.gz	era-fasp@fasp.sra.ebi.ac.uk:vol1/fastq/SRR242/002/SRR24222802/SRR24222802_1.fastq.gz	SRR24222802_1.fastq.gz	SRR24222802_RNA-seq_of_Ischnura_elegans_adult_female_thorax_1.fastq.gz
SRR24222802	RNA-seq of Ischnura elegans: adult female thorax	Illumina NovaSeq 6000	99980	1690754400000	ftp://ftp-trace.ncbi.nlm.nih.gov/sra/sra-instant/reads/ByRun/sra/SRR/SRR242/SRR24222802/SRR24222802.sra	SRR24222802.sra	SRR24222802_RNA-seq_of_Ischnura_elegans_adult_female_thorax.sra	ftp://ftp.sra.ebi.ac.uk/vol1/fastq/SRR242/002/SRR24222802/SRR24222802_2.fastq.gz	era-fasp@fasp.sra.ebi.ac.uk:vol1/fastq/SRR242/002/SRR24222802/SRR24222802_2.fastq.gz	SRR24222802_2.fastq.gz	SRR24222802_RNA-seq_of_Ischnura_elegans_adult_female_thorax_2.fastq.gz
SRR24222804	RNA-seq of Ischnura elegans: adult female thorax	Illumina NovaSeq 6000	131220	1690754400000	ftp://ftp-trace.ncbi.nlm.nih.gov/sra/sra-instant/reads/ByRun/sra/SRR/SRR242/SRR24222804/SRR24222804.sra	SRR24222804.sra	SRR24222804_RNA-seq_of_Ischnura_elegans_adult_female_thorax.sra	ftp://ftp.sra.ebi.ac.uk/vol1/fastq/SRR242/004/SRR24222804/SRR24222804_1.fastq.gz	era-fasp@fasp.sra.ebi.ac.uk:vol1/fastq/SRR242/004/SRR24222804/SRR24222804_1.fastq.gz	SRR24222804_1.fastq.gz	SRR24222804_RNA-seq_of_Ischnura_elegans_adult_female_thorax_1.fastq.gz
SRR24222804	RNA-seq of Ischnura elegans: adult female thorax	Illumina NovaSeq 6000	131220	1690754400000	ftp://ftp-trace.ncbi.nlm.nih.gov/sra/sra-instant/reads/ByRun/sra/SRR/SRR242/SRR24222804/SRR24222804.sra	SRR24222804.sra	SRR24222804_RNA-seq_of_Ischnura_elegans_adult_female_thorax.sra	ftp://ftp.sra.ebi.ac.uk/vol1/fastq/SRR242/004/SRR24222804/SRR24222804_2.fastq.gz	era-fasp@fasp.sra.ebi.ac.uk:vol1/fastq/SRR242/004/SRR24222804/SRR24222804_2.fastq.gz	SRR24222804_2.fastq.gz	SRR24222804_RNA-seq_of_Ischnura_elegans_adult_female_thorax_2.fastq.gz
SRR24222803	RNA-seq of Ischnura elegans: adult female thorax	Illumina NovaSeq 6000	103165	1690754400000	ftp://ftp-trace.ncbi.nlm.nih.gov/sra/sra-instant/reads/ByRun/sra/SRR/SRR242/SRR24222803/SRR24222803.sra	SRR24222803.sra	SRR24222803_RNA-seq_of_Ischnura_elegans_adult_female_thorax.sra	ftp://ftp.sra.ebi.ac.uk/vol1/fastq/SRR242/003/SRR24222803/SRR24222803_1.fastq.gz	era-fasp@fasp.sra.ebi.ac.uk:vol1/fastq/SRR242/003/SRR24222803/SRR24222803_1.fastq.gz	SRR24222803_1.fastq.gz	SRR24222803_RNA-seq_of_Ischnura_elegans_adult_female_thorax_1.fastq.gz
SRR24222803	RNA-seq of Ischnura elegans: adult female thorax	Illumina NovaSeq 6000	103165	1690754400000	ftp://ftp-trace.ncbi.nlm.nih.gov/sra/sra-instant/reads/ByRun/sra/SRR/SRR242/SRR24222803/SRR24222803.sra	SRR24222803.sra	SRR24222803_RNA-seq_of_Ischnura_elegans_adult_female_thorax.sra	ftp://ftp.sra.ebi.ac.uk/vol1/fastq/SRR242/003/SRR24222803/SRR24222803_2.fastq.gz	era-fasp@fasp.sra.ebi.ac.uk:vol1/fastq/SRR242/003/SRR24222803/SRR24222803_2.fastq.gz	SRR24222803_2.fastq.gz	SRR24222803_RNA-seq_of_Ischnura_elegans_adult_female_thorax_2.fastq.gz
SRR24222801	WGS of Ischnura elegans: female	Illumina NovaSeq 6000	323178	1690754400000	ftp://ftp-trace.ncbi.nlm.nih.gov/sra/sra-instant/reads/ByRun/sra/SRR/SRR242/SRR24222801/SRR24222801.sra	SRR24222801.sra	SRR24222801_WGS_of_Ischnura_elegans_female.sra	ftp://ftp.sra.ebi.ac.uk/vol1/fastq/SRR242/001/SRR24222801/SRR24222801_1.fastq.gz	era-fasp@fasp.sra.ebi.ac.uk:vol1/fastq/SRR242/001/SRR24222801/SRR24222801_1.fastq.gz	SRR24222801_1.fastq.gz	SRR24222801_WGS_of_Ischnura_elegans_female_1.fastq.gz
SRR24222801	WGS of Ischnura elegans: female	Illumina NovaSeq 6000	323178	1690754400000	ftp://ftp-trace.ncbi.nlm.nih.gov/sra/sra-instant/reads/ByRun/sra/SRR/SRR242/SRR24222801/SRR24222801.sra	SRR24222801.sra	SRR24222801_WGS_of_Ischnura_elegans_female.sra	ftp://ftp.sra.ebi.ac.uk/vol1/fastq/SRR242/001/SRR24222801/SRR24222801_2.fastq.gz	era-fasp@fasp.sra.ebi.ac.uk:vol1/fastq/SRR242/001/SRR24222801/SRR24222801_2.fastq.gz	SRR24222801_2.fastq.gz	SRR24222801_WGS_of_Ischnura_elegans_female_2.fastq.gz
SRR24222800	RNA-seq of Ischnura elegans: adult male thorax	Illumina NovaSeq 6000	97670	1690754400000	ftp://ftp-trace.ncbi.nlm.nih.gov/sra/sra-instant/reads/ByRun/sra/SRR/SRR242/SRR24222800/SRR24222800.sra	SRR24222800.sra	SRR24222800_RNA-seq_of_Ischnura_elegans_adult_male_thorax.sra	ftp://ftp.sra.ebi.ac.uk/vol1/fastq/SRR242/000/SRR24222800/SRR24222800_1.fastq.gz	era-fasp@fasp.sra.ebi.ac.uk:vol1/fastq/SRR242/000/SRR24222800/SRR24222800_1.fastq.gz	SRR24222800_1.fastq.gz	SRR24222800_RNA-seq_of_Ischnura_elegans_adult_male_thorax_1.fastq.gz
SRR24222800	RNA-seq of Ischnura elegans: adult male thorax	Illumina NovaSeq 6000	97670	1690754400000	ftp://ftp-trace.ncbi.nlm.nih.gov/sra/sra-instant/reads/ByRun/sra/SRR/SRR242/SRR24222800/SRR24222800.sra	SRR24222800.sra	SRR24222800_RNA-seq_of_Ischnura_elegans_adult_male_thorax.sra	ftp://ftp.sra.ebi.ac.uk/vol1/fastq/SRR242/000/SRR24222800/SRR24222800_2.fastq.gz	era-fasp@fasp.sra.ebi.ac.uk:vol1/fastq/SRR242/000/SRR24222800/SRR24222800_2.fastq.gz	SRR24222800_2.fastq.gz	SRR24222800_RNA-seq_of_Ischnura_elegans_adult_male_thorax_2.fastq.gz
SRR24222799	RNA-seq of Ischnura elegans: adult female thorax	Illumina NovaSeq 6000	101551	1690754400000	ftp://ftp-trace.ncbi.nlm.nih.gov/sra/sra-instant/reads/ByRun/sra/SRR/SRR242/SRR24222799/SRR24222799.sra	SRR24222799.sra	SRR24222799_RNA-seq_of_Ischnura_elegans_adult_female_thorax.sra	ftp://ftp.sra.ebi.ac.uk/vol1/fastq/SRR242/099/SRR24222799/SRR24222799_1.fastq.gz	era-fasp@fasp.sra.ebi.ac.uk:vol1/fastq/SRR242/099/SRR24222799/SRR24222799_1.fastq.gz	SRR24222799_1.fastq.gz	SRR24222799_RNA-seq_of_Ischnura_elegans_adult_female_thorax_1.fastq.gz
SRR24222799	RNA-seq of Ischnura elegans: adult female thorax	Illumina NovaSeq 6000	101551	1690754400000	ftp://ftp-trace.ncbi.nlm.nih.gov/sra/sra-instant/reads/ByRun/sra/SRR/SRR242/SRR24222799/SRR24222799.sra	SRR24222799.sra	SRR24222799_RNA-seq_of_Ischnura_elegans_adult_female_thorax.sra	ftp://ftp.sra.ebi.ac.uk/vol1/fastq/SRR242/099/SRR24222799/SRR24222799_2.fastq.gz	era-fasp@fasp.sra.ebi.ac.uk:vol1/fastq/SRR242/099/SRR24222799/SRR24222799_2.fastq.gz	SRR24222799_2.fastq.gz	SRR24222799_RNA-seq_of_Ischnura_elegans_adult_female_thorax_2.fastq.gz
SRR24222796	RNA-seq of Ischnura elegans: adult female thorax	Illumina NovaSeq 6000	72253	1690754400000	ftp://ftp-trace.ncbi.nlm.nih.gov/sra/sra-instant/reads/ByRun/sra/SRR/SRR242/SRR24222796/SRR24222796.sra	SRR24222796.sra	SRR24222796_RNA-seq_of_Ischnura_elegans_adult_female_thorax.sra	ftp://ftp.sra.ebi.ac.uk/vol1/fastq/SRR242/096/SRR24222796/SRR24222796_1.fastq.gz	era-fasp@fasp.sra.ebi.ac.uk:vol1/fastq/SRR242/096/SRR24222796/SRR24222796_1.fastq.gz	SRR24222796_1.fastq.gz	SRR24222796_RNA-seq_of_Ischnura_elegans_adult_female_thorax_1.fastq.gz
SRR24222796	RNA-seq of Ischnura elegans: adult female thorax	Illumina NovaSeq 6000	72253	1690754400000	ftp://ftp-trace.ncbi.nlm.nih.gov/sra/sra-instant/reads/ByRun/sra/SRR/SRR242/SRR24222796/SRR24222796.sra	SRR24222796.sra	SRR24222796_RNA-seq_of_Ischnura_elegans_adult_female_thorax.sra	ftp://ftp.sra.ebi.ac.uk/vol1/fastq/SRR242/096/SRR24222796/SRR24222796_2.fastq.gz	era-fasp@fasp.sra.ebi.ac.uk:vol1/fastq/SRR242/096/SRR24222796/SRR24222796_2.fastq.gz	SRR24222796_2.fastq.gz	SRR24222796_RNA-seq_of_Ischnura_elegans_adult_female_thorax_2.fastq.gz
SRR24222797	RNA-seq of Ischnura elegans: adult female thorax	Illumina NovaSeq 6000	89766	1690754400000	ftp://ftp-trace.ncbi.nlm.nih.gov/sra/sra-instant/reads/ByRun/sra/SRR/SRR242/SRR24222797/SRR24222797.sra	SRR24222797.sra	SRR24222797_RNA-seq_of_Ischnura_elegans_adult_female_thorax.sra	ftp://ftp.sra.ebi.ac.uk/vol1/fastq/SRR242/097/SRR24222797/SRR24222797_1.fastq.gz	era-fasp@fasp.sra.ebi.ac.uk:vol1/fastq/SRR242/097/SRR24222797/SRR24222797_1.fastq.gz	SRR24222797_1.fastq.gz	SRR24222797_RNA-seq_of_Ischnura_elegans_adult_female_thorax_1.fastq.gz
SRR24222797	RNA-seq of Ischnura elegans: adult female thorax	Illumina NovaSeq 6000	89766	1690754400000	ftp://ftp-trace.ncbi.nlm.nih.gov/sra/sra-instant/reads/ByRun/sra/SRR/SRR242/SRR24222797/SRR24222797.sra	SRR24222797.sra	SRR24222797_RNA-seq_of_Ischnura_elegans_adult_female_thorax.sra	ftp://ftp.sra.ebi.ac.uk/vol1/fastq/SRR242/097/SRR24222797/SRR24222797_2.fastq.gz	era-fasp@fasp.sra.ebi.ac.uk:vol1/fastq/SRR242/097/SRR24222797/SRR24222797_2.fastq.gz	SRR24222797_2.fastq.gz	SRR24222797_RNA-seq_of_Ischnura_elegans_adult_female_thorax_2.fastq.gz
SRR24222798	RNA-seq of Ischnura elegans: adult female thorax	Illumina NovaSeq 6000	111171	1690754400000	ftp://ftp-trace.ncbi.nlm.nih.gov/sra/sra-instant/reads/ByRun/sra/SRR/SRR242/SRR24222798/SRR24222798.sra	SRR24222798.sra	SRR24222798_RNA-seq_of_Ischnura_elegans_adult_female_thorax.sra	ftp://ftp.sra.ebi.ac.uk/vol1/fastq/SRR242/098/SRR24222798/SRR24222798_1.fastq.gz	era-fasp@fasp.sra.ebi.ac.uk:vol1/fastq/SRR242/098/SRR24222798/SRR24222798_1.fastq.gz	SRR24222798_1.fastq.gz	SRR24222798_RNA-seq_of_Ischnura_elegans_adult_female_thorax_1.fastq.gz
SRR24222798	RNA-seq of Ischnura elegans: adult female thorax	Illumina NovaSeq 6000	111171	1690754400000	ftp://ftp-trace.ncbi.nlm.nih.gov/sra/sra-instant/reads/ByRun/sra/SRR/SRR242/SRR24222798/SRR24222798.sra	SRR24222798.sra	SRR24222798_RNA-seq_of_Ischnura_elegans_adult_female_thorax.sra	ftp://ftp.sra.ebi.ac.uk/vol1/fastq/SRR242/098/SRR24222798/SRR24222798_2.fastq.gz	era-fasp@fasp.sra.ebi.ac.uk:vol1/fastq/SRR242/098/SRR24222798/SRR24222798_2.fastq.gz	SRR24222798_2.fastq.gz	SRR24222798_RNA-seq_of_Ischnura_elegans_adult_female_thorax_2.fastq.gz
SRR24222794	RNA-seq of Ischnura elegans: adult female thorax	Illumina NovaSeq 6000	84954	1690754400000	ftp://ftp-trace.ncbi.nlm.nih.gov/sra/sra-instant/reads/ByRun/sra/SRR/SRR242/SRR24222794/SRR24222794.sra	SRR24222794.sra	SRR24222794_RNA-seq_of_Ischnura_elegans_adult_female_thorax.sra	ftp://ftp.sra.ebi.ac.uk/vol1/fastq/SRR242/094/SRR24222794/SRR24222794_1.fastq.gz	era-fasp@fasp.sra.ebi.ac.uk:vol1/fastq/SRR242/094/SRR24222794/SRR24222794_1.fastq.gz	SRR24222794_1.fastq.gz	SRR24222794_RNA-seq_of_Ischnura_elegans_adult_female_thorax_1.fastq.gz
SRR24222794	RNA-seq of Ischnura elegans: adult female thorax	Illumina NovaSeq 6000	84954	1690754400000	ftp://ftp-trace.ncbi.nlm.nih.gov/sra/sra-instant/reads/ByRun/sra/SRR/SRR242/SRR24222794/SRR24222794.sra	SRR24222794.sra	SRR24222794_RNA-seq_of_Ischnura_elegans_adult_female_thorax.sra	ftp://ftp.sra.ebi.ac.uk/vol1/fastq/SRR242/094/SRR24222794/SRR24222794_2.fastq.gz	era-fasp@fasp.sra.ebi.ac.uk:vol1/fastq/SRR242/094/SRR24222794/SRR24222794_2.fastq.gz	SRR24222794_2.fastq.gz	SRR24222794_RNA-seq_of_Ischnura_elegans_adult_female_thorax_2.fastq.gz
SRR24222795	RNA-seq of Ischnura elegans: adult male thorax	Illumina NovaSeq 6000	79867	1690754400000	ftp://ftp-trace.ncbi.nlm.nih.gov/sra/sra-instant/reads/ByRun/sra/SRR/SRR242/SRR24222795/SRR24222795.sra	SRR24222795.sra	SRR24222795_RNA-seq_of_Ischnura_elegans_adult_male_thorax.sra	ftp://ftp.sra.ebi.ac.uk/vol1/fastq/SRR242/095/SRR24222795/SRR24222795_1.fastq.gz	era-fasp@fasp.sra.ebi.ac.uk:vol1/fastq/SRR242/095/SRR24222795/SRR24222795_1.fastq.gz	SRR24222795_1.fastq.gz	SRR24222795_RNA-seq_of_Ischnura_elegans_adult_male_thorax_1.fastq.gz
SRR24222795	RNA-seq of Ischnura elegans: adult male thorax	Illumina NovaSeq 6000	79867	1690754400000	ftp://ftp-trace.ncbi.nlm.nih.gov/sra/sra-instant/reads/ByRun/sra/SRR/SRR242/SRR24222795/SRR24222795.sra	SRR24222795.sra	SRR24222795_RNA-seq_of_Ischnura_elegans_adult_male_thorax.sra	ftp://ftp.sra.ebi.ac.uk/vol1/fastq/SRR242/095/SRR24222795/SRR24222795_2.fastq.gz	era-fasp@fasp.sra.ebi.ac.uk:vol1/fastq/SRR242/095/SRR24222795/SRR24222795_2.fastq.gz	SRR24222795_2.fastq.gz	SRR24222795_RNA-seq_of_Ischnura_elegans_adult_male_thorax_2.fastq.gz
SRR24222793	RNA-seq of Ischnura elegans: adult male thorax	Illumina NovaSeq 6000	87456	1690754400000	ftp://ftp-trace.ncbi.nlm.nih.gov/sra/sra-instant/reads/ByRun/sra/SRR/SRR242/SRR24222793/SRR24222793.sra	SRR24222793.sra	SRR24222793_RNA-seq_of_Ischnura_elegans_adult_male_thorax.sra	ftp://ftp.sra.ebi.ac.uk/vol1/fastq/SRR242/093/SRR24222793/SRR24222793_1.fastq.gz	era-fasp@fasp.sra.ebi.ac.uk:vol1/fastq/SRR242/093/SRR24222793/SRR24222793_1.fastq.gz	SRR24222793_1.fastq.gz	SRR24222793_RNA-seq_of_Ischnura_elegans_adult_male_thorax_1.fastq.gz
SRR24222793	RNA-seq of Ischnura elegans: adult male thorax	Illumina NovaSeq 6000	87456	1690754400000	ftp://ftp-trace.ncbi.nlm.nih.gov/sra/sra-instant/reads/ByRun/sra/SRR/SRR242/SRR24222793/SRR24222793.sra	SRR24222793.sra	SRR24222793_RNA-seq_of_Ischnura_elegans_adult_male_thorax.sra	ftp://ftp.sra.ebi.ac.uk/vol1/fastq/SRR242/093/SRR24222793/SRR24222793_2.fastq.gz	era-fasp@fasp.sra.ebi.ac.uk:vol1/fastq/SRR242/093/SRR24222793/SRR24222793_2.fastq.gz	SRR24222793_2.fastq.gz	SRR24222793_RNA-seq_of_Ischnura_elegans_adult_male_thorax_2.fastq.gz
SRR24222788	WGS of Ischnura elegans: female	PromethION	583500	1690754400000	ftp://ftp-trace.ncbi.nlm.nih.gov/sra/sra-instant/reads/ByRun/sra/SRR/SRR242/SRR24222788/SRR24222788.sra	SRR24222788.sra	SRR24222788_WGS_of_Ischnura_elegans_female.sra	ftp://ftp.sra.ebi.ac.uk/vol1/fastq/SRR242/088/SRR24222788/SRR24222788_1.fastq.gz	era-fasp@fasp.sra.ebi.ac.uk:vol1/fastq/SRR242/088/SRR24222788/SRR24222788_1.fastq.gz	SRR24222788_1.fastq.gz	SRR24222788_WGS_of_Ischnura_elegans_female_1.fastq.gz
SRR24222790	WGS of Ischnura elegans: female	Illumina NovaSeq 6000	604613	1690754400000	ftp://ftp-trace.ncbi.nlm.nih.gov/sra/sra-instant/reads/ByRun/sra/SRR/SRR242/SRR24222790/SRR24222790.sra	SRR24222790.sra	SRR24222790_WGS_of_Ischnura_elegans_female.sra	ftp://ftp.sra.ebi.ac.uk/vol1/fastq/SRR242/090/SRR24222790/SRR24222790_1.fastq.gz	era-fasp@fasp.sra.ebi.ac.uk:vol1/fastq/SRR242/090/SRR24222790/SRR24222790_1.fastq.gz	SRR24222790_1.fastq.gz	SRR24222790_WGS_of_Ischnura_elegans_female_1.fastq.gz
SRR24222790	WGS of Ischnura elegans: female	Illumina NovaSeq 6000	604613	1690754400000	ftp://ftp-trace.ncbi.nlm.nih.gov/sra/sra-instant/reads/ByRun/sra/SRR/SRR242/SRR24222790/SRR24222790.sra	SRR24222790.sra	SRR24222790_WGS_of_Ischnura_elegans_female.sra	ftp://ftp.sra.ebi.ac.uk/vol1/fastq/SRR242/090/SRR24222790/SRR24222790_2.fastq.gz	era-fasp@fasp.sra.ebi.ac.uk:vol1/fastq/SRR242/090/SRR24222790/SRR24222790_2.fastq.gz	SRR24222790_2.fastq.gz	SRR24222790_WGS_of_Ischnura_elegans_female_2.fastq.gz
SRR24222792	RNA-seq of Ischnura elegans: adult female thorax	Illumina NovaSeq 6000	127476	1690754400000	ftp://ftp-trace.ncbi.nlm.nih.gov/sra/sra-instant/reads/ByRun/sra/SRR/SRR242/SRR24222792/SRR24222792.sra	SRR24222792.sra	SRR24222792_RNA-seq_of_Ischnura_elegans_adult_female_thorax.sra	ftp://ftp.sra.ebi.ac.uk/vol1/fastq/SRR242/092/SRR24222792/SRR24222792_1.fastq.gz	era-fasp@fasp.sra.ebi.ac.uk:vol1/fastq/SRR242/092/SRR24222792/SRR24222792_1.fastq.gz	SRR24222792_1.fastq.gz	SRR24222792_RNA-seq_of_Ischnura_elegans_adult_female_thorax_1.fastq.gz
SRR24222792	RNA-seq of Ischnura elegans: adult female thorax	Illumina NovaSeq 6000	127476	1690754400000	ftp://ftp-trace.ncbi.nlm.nih.gov/sra/sra-instant/reads/ByRun/sra/SRR/SRR242/SRR24222792/SRR24222792.sra	SRR24222792.sra	SRR24222792_RNA-seq_of_Ischnura_elegans_adult_female_thorax.sra	ftp://ftp.sra.ebi.ac.uk/vol1/fastq/SRR242/092/SRR24222792/SRR24222792_2.fastq.gz	era-fasp@fasp.sra.ebi.ac.uk:vol1/fastq/SRR242/092/SRR24222792/SRR24222792_2.fastq.gz	SRR24222792_2.fastq.gz	SRR24222792_RNA-seq_of_Ischnura_elegans_adult_female_thorax_2.fastq.gz
SRR24222791	RNA-seq of Ischnura elegans: adult female thorax	Illumina NovaSeq 6000	120004	1690754400000	ftp://ftp-trace.ncbi.nlm.nih.gov/sra/sra-instant/reads/ByRun/sra/SRR/SRR242/SRR24222791/SRR24222791.sra	SRR24222791.sra	SRR24222791_RNA-seq_of_Ischnura_elegans_adult_female_thorax.sra	ftp://ftp.sra.ebi.ac.uk/vol1/fastq/SRR242/091/SRR24222791/SRR24222791_1.fastq.gz	era-fasp@fasp.sra.ebi.ac.uk:vol1/fastq/SRR242/091/SRR24222791/SRR24222791_1.fastq.gz	SRR24222791_1.fastq.gz	SRR24222791_RNA-seq_of_Ischnura_elegans_adult_female_thorax_1.fastq.gz
SRR24222791	RNA-seq of Ischnura elegans: adult female thorax	Illumina NovaSeq 6000	120004	1690754400000	ftp://ftp-trace.ncbi.nlm.nih.gov/sra/sra-instant/reads/ByRun/sra/SRR/SRR242/SRR24222791/SRR24222791.sra	SRR24222791.sra	SRR24222791_RNA-seq_of_Ischnura_elegans_adult_female_thorax.sra	ftp://ftp.sra.ebi.ac.uk/vol1/fastq/SRR242/091/SRR24222791/SRR24222791_2.fastq.gz	era-fasp@fasp.sra.ebi.ac.uk:vol1/fastq/SRR242/091/SRR24222791/SRR24222791_2.fastq.gz	SRR24222791_2.fastq.gz	SRR24222791_RNA-seq_of_Ischnura_elegans_adult_female_thorax_2.fastq.gz
SRR24222789	RNA-seq of Ischnura elegans: adult female thorax	Illumina NovaSeq 6000	122062	1690754400000	ftp://ftp-trace.ncbi.nlm.nih.gov/sra/sra-instant/reads/ByRun/sra/SRR/SRR242/SRR24222789/SRR24222789.sra	SRR24222789.sra	SRR24222789_RNA-seq_of_Ischnura_elegans_adult_female_thorax.sra	ftp://ftp.sra.ebi.ac.uk/vol1/fastq/SRR242/089/SRR24222789/SRR24222789_1.fastq.gz	era-fasp@fasp.sra.ebi.ac.uk:vol1/fastq/SRR242/089/SRR24222789/SRR24222789_1.fastq.gz	SRR24222789_1.fastq.gz	SRR24222789_RNA-seq_of_Ischnura_elegans_adult_female_thorax_1.fastq.gz
SRR24222789	RNA-seq of Ischnura elegans: adult female thorax	Illumina NovaSeq 6000	122062	1690754400000	ftp://ftp-trace.ncbi.nlm.nih.gov/sra/sra-instant/reads/ByRun/sra/SRR/SRR242/SRR24222789/SRR24222789.sra	SRR24222789.sra	SRR24222789_RNA-seq_of_Ischnura_elegans_adult_female_thorax.sra	ftp://ftp.sra.ebi.ac.uk/vol1/fastq/SRR242/089/SRR24222789/SRR24222789_2.fastq.gz	era-fasp@fasp.sra.ebi.ac.uk:vol1/fastq/SRR242/089/SRR24222789/SRR24222789_2.fastq.gz	SRR24222789_2.fastq.gz	SRR24222789_RNA-seq_of_Ischnura_elegans_adult_female_thorax_2.fastq.gz
SRR24222787	WGS of Ischnura elegans: female	PromethION	461871	1690754400000	ftp://ftp-trace.ncbi.nlm.nih.gov/sra/sra-instant/reads/ByRun/sra/SRR/SRR242/SRR24222787/SRR24222787.sra	SRR24222787.sra	SRR24222787_WGS_of_Ischnura_elegans_female.sra	ftp://ftp.sra.ebi.ac.uk/vol1/fastq/SRR242/087/SRR24222787/SRR24222787_1.fastq.gz	era-fasp@fasp.sra.ebi.ac.uk:vol1/fastq/SRR242/087/SRR24222787/SRR24222787_1.fastq.gz	SRR24222787_1.fastq.gz	SRR24222787_WGS_of_Ischnura_elegans_female_1.fastq.gz
SRR24222786	DNA Pool-seq of Ischnura senegalensis: 30 females	Illumina HiSeq 4000	298379	1690754400000	ftp://ftp-trace.ncbi.nlm.nih.gov/sra/sra-instant/reads/ByRun/sra/SRR/SRR242/SRR24222786/SRR24222786.sra	SRR24222786.sra	SRR24222786_DNA_Pool-seq_of_Ischnura_senegalensis_30_females.sra	ftp://ftp.sra.ebi.ac.uk/vol1/fastq/SRR242/086/SRR24222786/SRR24222786_1.fastq.gz	era-fasp@fasp.sra.ebi.ac.uk:vol1/fastq/SRR242/086/SRR24222786/SRR24222786_1.fastq.gz	SRR24222786_1.fastq.gz	SRR24222786_DNA_Pool-seq_of_Ischnura_senegalensis_30_females_1.fastq.gz
SRR24222786	DNA Pool-seq of Ischnura senegalensis: 30 females	Illumina HiSeq 4000	298379	1690754400000	ftp://ftp-trace.ncbi.nlm.nih.gov/sra/sra-instant/reads/ByRun/sra/SRR/SRR242/SRR24222786/SRR24222786.sra	SRR24222786.sra	SRR24222786_DNA_Pool-seq_of_Ischnura_senegalensis_30_females.sra	ftp://ftp.sra.ebi.ac.uk/vol1/fastq/SRR242/086/SRR24222786/SRR24222786_2.fastq.gz	era-fasp@fasp.sra.ebi.ac.uk:vol1/fastq/SRR242/086/SRR24222786/SRR24222786_2.fastq.gz	SRR24222786_2.fastq.gz	SRR24222786_DNA_Pool-seq_of_Ischnura_senegalensis_30_females_2.fastq.gz
SRR24222785	DNA Pool-seq of Ischnura senegalensis: 30 females	Illumina HiSeq 4000	389664	1690754400000	ftp://ftp-trace.ncbi.nlm.nih.gov/sra/sra-instant/reads/ByRun/sra/SRR/SRR242/SRR24222785/SRR24222785.sra	SRR24222785.sra	SRR24222785_DNA_Pool-seq_of_Ischnura_senegalensis_30_females.sra	ftp://ftp.sra.ebi.ac.uk/vol1/fastq/SRR242/085/SRR24222785/SRR24222785_1.fastq.gz	era-fasp@fasp.sra.ebi.ac.uk:vol1/fastq/SRR242/085/SRR24222785/SRR24222785_1.fastq.gz	SRR24222785_1.fastq.gz	SRR24222785_DNA_Pool-seq_of_Ischnura_senegalensis_30_females_1.fastq.gz
SRR24222785	DNA Pool-seq of Ischnura senegalensis: 30 females	Illumina HiSeq 4000	389664	1690754400000	ftp://ftp-trace.ncbi.nlm.nih.gov/sra/sra-instant/reads/ByRun/sra/SRR/SRR242/SRR24222785/SRR24222785.sra	SRR24222785.sra	SRR24222785_DNA_Pool-seq_of_Ischnura_senegalensis_30_females.sra	ftp://ftp.sra.ebi.ac.uk/vol1/fastq/SRR242/085/SRR24222785/SRR24222785_2.fastq.gz	era-fasp@fasp.sra.ebi.ac.uk:vol1/fastq/SRR242/085/SRR24222785/SRR24222785_2.fastq.gz	SRR24222785_2.fastq.gz	SRR24222785_DNA_Pool-seq_of_Ischnura_senegalensis_30_females_2.fastq.gz
SRR24222784	WGS of Ischnura elegans: female	PromethION	759655	1690754400000	ftp://ftp-trace.ncbi.nlm.nih.gov/sra/sra-instant/reads/ByRun/sra/SRR/SRR242/SRR24222784/SRR24222784.sra	SRR24222784.sra	SRR24222784_WGS_of_Ischnura_elegans_female.sra	ftp://ftp.sra.ebi.ac.uk/vol1/fastq/SRR242/084/SRR24222784/SRR24222784_1.fastq.gz	era-fasp@fasp.sra.ebi.ac.uk:vol1/fastq/SRR242/084/SRR24222784/SRR24222784_1.fastq.gz	SRR24222784_1.fastq.gz	SRR24222784_WGS_of_Ischnura_elegans_female_1.fastq.gz
SRR24222782	WGS of Ischnura senegalensis: female	PromethION	211317	1690754400000	ftp://ftp-trace.ncbi.nlm.nih.gov/sra/sra-instant/reads/ByRun/sra/SRR/SRR242/SRR24222782/SRR24222782.sra	SRR24222782.sra	SRR24222782_WGS_of_Ischnura_senegalensis_female.sra	ftp://ftp.sra.ebi.ac.uk/vol1/fastq/SRR242/082/SRR24222782/SRR24222782_1.fastq.gz	era-fasp@fasp.sra.ebi.ac.uk:vol1/fastq/SRR242/082/SRR24222782/SRR24222782_1.fastq.gz	SRR24222782_1.fastq.gz	SRR24222782_WGS_of_Ischnura_senegalensis_female_1.fastq.gz
SRR24222783	WGS of Ischnura senegalensis: female	PromethION	724331	1690754400000	ftp://ftp-trace.ncbi.nlm.nih.gov/sra/sra-instant/reads/ByRun/sra/SRR/SRR242/SRR24222783/SRR24222783.sra	SRR24222783.sra	SRR24222783_WGS_of_Ischnura_senegalensis_female.sra	ftp://ftp.sra.ebi.ac.uk/vol1/fastq/SRR242/083/SRR24222783/SRR24222783_1.fastq.gz	era-fasp@fasp.sra.ebi.ac.uk:vol1/fastq/SRR242/083/SRR24222783/SRR24222783_1.fastq.gz	SRR24222783_1.fastq.gz	SRR24222783_WGS_of_Ischnura_senegalensis_female_1.fastq.gz
SRR24222781	WGS of Ischnura elegans: female	Illumina NovaSeq 6000	241540	1690754400000	ftp://ftp-trace.ncbi.nlm.nih.gov/sra/sra-instant/reads/ByRun/sra/SRR/SRR242/SRR24222781/SRR24222781.sra	SRR24222781.sra	SRR24222781_WGS_of_Ischnura_elegans_female.sra	ftp://ftp.sra.ebi.ac.uk/vol1/fastq/SRR242/081/SRR24222781/SRR24222781_1.fastq.gz	era-fasp@fasp.sra.ebi.ac.uk:vol1/fastq/SRR242/081/SRR24222781/SRR24222781_1.fastq.gz	SRR24222781_1.fastq.gz	SRR24222781_WGS_of_Ischnura_elegans_female_1.fastq.gz
SRR24222781	WGS of Ischnura elegans: female	Illumina NovaSeq 6000	241540	1690754400000	ftp://ftp-trace.ncbi.nlm.nih.gov/sra/sra-instant/reads/ByRun/sra/SRR/SRR242/SRR24222781/SRR24222781.sra	SRR24222781.sra	SRR24222781_WGS_of_Ischnura_elegans_female.sra	ftp://ftp.sra.ebi.ac.uk/vol1/fastq/SRR242/081/SRR24222781/SRR24222781_2.fastq.gz	era-fasp@fasp.sra.ebi.ac.uk:vol1/fastq/SRR242/081/SRR24222781/SRR24222781_2.fastq.gz	SRR24222781_2.fastq.gz	SRR24222781_WGS_of_Ischnura_elegans_female_2.fastq.gz